CLASS,BRANCH_MISSED,BRANCH_COVERED,Total_Branch,Branch_covergae,LINE_MISSED,LINE_COVERED,Total_Line,Line_Coverage,COMPLEXITY_MISSED,COMPLEXITY_COVERED,Total_complexity
NonLinearConjugateGradientOptimizer.IdentityPreconditioner,0,0,0,100,0,2,2,1,0,2,2
NonLinearConjugateGradientOptimizer.Formula,0,0,0,100,0,3,3,1,0,1,1
NonLinearConjugateGradientOptimizer,5,28,33,0.848484848,10,61,71,0.85915493,7,19,26
NonLinearConjugateGradientOptimizer.BracketingStep,0,0,0,100,4,0,4,0,2,0,2
QuasiSigmoidDecayFunction,0,6,6,1,0,18,18,1,0,5,5
ExponentialDecayFunction,0,8,8,1,0,13,13,1,0,6,6
SimpleUnivariateValueChecker,2,8,10,0.8,3,16,19,0.842105263,3,6,9
BaseAbstractUnivariateOptimizer,2,2,4,0.5,2,27,29,0.931034483,2,11,13
UnivariatePointValuePair,0,0,0,100,0,6,6,1,0,3,3
BracketFinder,16,30,46,0.652173913,17,76,93,0.817204301,17,18,35
BrentOptimizer,5,69,74,0.932432432,6,116,122,0.950819672,5,37,42
UnivariateMultiStartOptimizer,4,10,14,0.714285714,5,28,33,0.848484848,6,9,15
UnivariateMultiStartOptimizer.new Comparator() {...},3,5,8,0.625,1,8,9,0.888888889,3,3,6
RegressionResults,28,30,58,0.517241379,34,53,87,0.609195402,28,18,46
GLSMultipleLinearRegression,0,2,2,1,3,21,24,0.875,1,7,8
OLSMultipleLinearRegression,0,12,12,1,0,43,43,1,0,18,18
MillerUpdatingRegression,66,208,274,0.759124088,83,429,512,0.837890625,57,104,161
SimpleRegression,44,80,124,0.64516129,51,180,231,0.779220779,33,61,94
AbstractMultipleLinearRegression,6,42,48,0.875,6,78,84,0.928571429,7,37,44
ModelSpecificationException,0,0,0,100,0,2,2,1,0,1,1
OrientedPoint,2,4,6,0.666666667,8,12,20,0.6,7,9,16
Vector1DFormat,1,3,4,0.75,4,19,23,0.826086957,2,9,11
Euclidean1D.LazyHolder,0,0,0,100,0,1,1,1,0,1,1
Vector1D,1,15,16,0.9375,3,71,74,0.959459459,2,41,43
Euclidean1D,0,0,0,100,0,4,4,1,0,4,4
Euclidean1D.NoSubSpaceException,0,0,0,100,0,2,2,1,0,1,1
IntervalsSet,15,77,92,0.836956522,19,125,144,0.868055556,17,60,77
SubOrientedPoint,0,6,6,1,2,7,9,0.777777778,2,7,9
IntervalsSet.SubIntervalsIterator,1,21,22,0.954545455,2,34,36,0.944444444,2,14,16
Interval,0,8,8,1,4,13,17,0.764705882,4,10,14
Relationship,0,3,3,1,1,11,12,0.916666667,1,5,6
AbstractLinearOptimizer,1,1,2,0.5,1,19,20,0.95,1,10,11
LinearConstraint,7,5,12,0.416666667,18,21,39,0.538461538,9,8,17
SimplexSolver,0,54,54,1,0,82,82,1,0,34,34
LinearObjectiveFunction,4,4,8,0.5,4,19,23,0.826086957,6,8,14
UnboundedSolutionException,0,0,0,100,0,2,2,1,0,1,1
SimplexTableau,11,117,128,0.9140625,10,178,188,0.946808511,14,82,96
NoFeasibleSolutionException,0,0,0,100,0,2,2,1,0,1,1
OpenIntToDoubleHashMap,0,68,68,1,0,157,157,1,0,58,58
FastMath.CodyWaite,0,2,2,1,0,24,24,1,0,5,5
DefaultTransformer,0,6,6,1,1,12,13,0.923076923,1,6,7
FastMath.lnMant,0,0,0,100,0,2,2,1,0,1,1
Combinations.LexicographicIterator,3,15,18,0.833333333,4,38,42,0.904761905,4,9,13
Decimal64,2,12,14,0.857142857,11,86,97,0.886597938,11,67,78
ResizableDoubleArray,10,77,87,0.885057471,11,220,231,0.952380952,14,79,93
FastMath,52,720,772,0.932642487,32,1431,1463,0.978127136,44,417,461
BigReal,0,4,4,1,6,76,82,0.926829268,4,33,37
Decimal64Field,0,0,0,100,0,5,5,1,0,5,5
MultidimensionalCounter.Iterator,1,7,8,0.875,3,16,19,0.842105263,4,7,11
MathUtils,22,40,62,0.64516129,4,36,40,0.9,16,28,44
Precision,20,87,107,0.813084112,3,102,105,0.971428571,15,64,79
IterationEvent,0,0,0,100,0,4,4,1,0,2,2
Combinations,1,5,6,0.833333333,1,15,16,0.9375,1,8,9
FastMath.ExpIntTable,0,0,0,100,0,3,3,1,0,1,1
CombinatoricsUtils,2,96,98,0.979591837,1,121,122,0.991803279,2,57,59
FastMathCalc,62,0,62,0,275,0,275,0,48,0,48
MathArrays,62,221,283,0.780918728,68,405,473,0.856236786,42,150,192
MathArrays.new Comparator() {...},0,0,0,100,0,2,2,1,0,2,2
MathArrays.new Comparator() {...},0,0,0,100,0,2,2,1,0,2,2
OpenIntToDoubleHashMap.Iterator,4,12,16,0.75,4,24,28,0.857142857,4,9,13
CompositeFormat,1,27,28,0.964285714,0,56,56,1,1,21,22
OpenIntToFieldHashMap.Iterator,4,12,16,0.75,5,23,28,0.821428571,4,9,13
FastMathLiteralArrays,0,0,0,100,0,10,10,1,0,6,6
Incrementor.new Incrementor.MaxCountExceededCallback() {...},0,0,0,100,0,2,2,1,0,2,2
MultidimensionalCounter,2,22,24,0.916666667,4,45,49,0.918367347,2,18,20
Combinations.LexicographicComparator,0,14,14,1,0,26,26,1,0,10,10
Combinations.IterationOrder,0,0,0,100,0,2,2,1,0,1,1
Combinations.SingletonIterator,1,1,2,0.5,2,8,10,0.8,2,3,5
ResizableDoubleArray.ExpansionMode,0,0,0,100,0,3,3,1,0,1,1
ContinuedFraction,7,9,16,0.5625,11,31,42,0.738095238,9,4,13
Incrementor,1,7,8,0.875,2,22,24,0.916666667,1,13,14
MathArrays.OrderDirection,0,0,0,100,0,3,3,1,0,1,1
ArithmeticUtils,10,140,150,0.933333333,20,200,220,0.909090909,15,87,102
FastMath.ExpFracTable,0,0,0,100,0,3,3,1,0,1,1
IterationManager,0,8,8,1,7,27,34,0.794117647,3,13,16
MathArrays.Position,0,0,0,100,0,3,3,1,0,1,1
BigRealField,0,0,0,100,1,4,5,0.8,1,4,5
OpenIntToFieldHashMap,0,68,68,1,5,155,160,0.96875,2,57,59
TransformerMap,8,12,20,0.6,10,31,41,0.756097561,8,14,22
Pair,5,15,20,0.75,3,21,24,0.875,6,14,20
BigRealField.LazyHolder,0,0,0,100,0,1,1,1,0,1,1
DummyLocalizable,0,0,0,100,6,0,6,0,4,0,4
ArgUtils,1,7,8,0.875,0,8,8,1,1,4,5
LocalizedFormats,1,1,2,0.5,1,330,331,0.996978852,1,4,5
ExceptionContext,0,20,20,1,1,79,80,0.9875,1,27,28
FuzzyKMeansClusterer,14,34,48,0.708333333,21,95,116,0.818965517,13,29,42
MultiKMeansPlusPlusClusterer,0,4,4,1,3,16,19,0.842105263,3,5,8
KMeansPlusPlusClusterer.EmptyClusterStrategy,0,0,0,100,0,5,5,1,0,1,1
DoublePoint,1,3,4,0.75,2,12,14,0.857142857,2,6,8
CentroidCluster,0,0,0,100,0,4,4,1,0,2,2
DBSCANClusterer.PointStatus,0,0,0,100,0,3,3,1,0,1,1
Clusterer,0,0,0,100,0,5,5,1,0,3,3
DBSCANClusterer,0,28,28,1,0,55,55,1,0,22,22
Cluster,0,0,0,100,0,6,6,1,0,3,3
KMeansPlusPlusClusterer,38,50,88,0.568181818,65,104,169,0.615384615,31,31,62
LegendreHighPrecisionRuleFactory,0,24,24,1,0,98,98,1,0,15,15
SymmetricGaussIntegrator,0,6,6,1,0,25,25,1,0,6,6
HermiteRuleFactory,0,24,24,1,0,69,69,1,0,14,14
BaseRuleFactory,2,8,10,0.8,4,28,32,0.875,2,8,10
GaussIntegratorFactory,0,2,2,1,0,18,18,1,0,9,9
LegendreRuleFactory,0,24,24,1,0,61,61,1,0,14,14
GaussIntegrator,1,3,4,0.75,1,21,22,0.954545455,1,7,8
Kurtosis,3,13,16,0.8125,3,49,52,0.942307692,4,14,18
FourthMoment,0,2,2,1,3,26,29,0.896551724,1,7,8
StandardDeviation,0,0,0,100,9,28,37,0.756756757,5,12,17
VectorialCovariance,9,19,28,0.678571429,13,39,52,0.75,9,12,21
ThirdMoment,0,2,2,1,0,29,29,1,0,8,8
SemiVariance.Direction,0,0,0,100,0,7,7,1,0,3,3
FirstMoment,0,2,2,1,3,32,35,0.914285714,1,8,9
SecondMoment,0,2,2,1,3,20,23,0.869565217,1,7,8
GeometricMean,1,3,4,0.75,6,29,35,0.828571429,3,12,15
VectorialMean,4,12,16,0.75,7,20,27,0.740740741,5,9,14
Mean,3,9,12,0.75,4,43,47,0.914893617,4,14,18
SemiVariance,0,12,12,1,23,32,55,0.581818182,9,14,23
Skewness,2,14,16,0.875,3,52,55,0.945454545,3,15,18
Variance,14,32,46,0.695652174,10,101,111,0.90990991,17,27,44
Atan,0,0,0,100,2,2,4,0.5,2,2,4
Atanh,0,0,0,100,4,0,4,0,4,0,4
Cosh,0,0,0,100,1,3,4,0.75,1,3,4
Atan2,0,0,0,100,2,0,2,0,2,0,2
Divide,0,0,0,100,0,2,2,1,0,2,2
Tan,0,0,0,100,2,2,4,0.5,2,2,4
Floor,0,0,0,100,0,2,2,1,0,2,2
Expm1,0,0,0,100,2,2,4,0.5,2,2,4
Logit.Parametric,0,4,4,1,4,8,12,0.666666667,1,5,6
Abs,0,0,0,100,0,2,2,1,0,2,2
Constant,0,0,0,100,1,5,6,0.833333333,1,3,4
Ceil,0,0,0,100,0,2,2,1,0,2,2
Add,0,0,0,100,0,2,2,1,0,2,2
Logit,0,16,16,1,3,27,30,0.9,2,12,14
Logistic,0,2,2,1,1,13,14,0.928571429,1,5,6
Acos,0,0,0,100,2,2,4,0.5,2,2,4
Sigmoid.Parametric,0,4,4,1,0,11,11,1,0,6,6
Max,0,0,0,100,0,2,2,1,0,2,2
Rint,0,0,0,100,0,2,2,1,0,2,2
Asinh,0,0,0,100,4,0,4,0,4,0,4
HarmonicOscillator,0,4,4,1,1,17,18,0.944444444,1,6,7
Acosh,0,0,0,100,4,0,4,0,4,0,4
Gaussian,0,14,14,1,1,37,38,0.973684211,1,13,14
StepFunction,0,14,14,1,0,19,19,1,0,9,9
Min,0,0,0,100,0,2,2,1,0,2,2
Sigmoid,0,8,8,1,1,28,29,0.965517241,1,9,10
HarmonicOscillator.Parametric,0,4,4,1,0,17,17,1,0,6,6
Power,0,0,0,100,1,5,6,0.833333333,1,3,4
Identity,0,0,0,100,1,3,4,0.75,1,3,4
Signum,0,0,0,100,0,2,2,1,0,2,2
Multiply,0,0,0,100,0,2,2,1,0,2,2
Minus,0,0,0,100,1,3,4,0.75,1,3,4
Sin,0,0,0,100,0,4,4,1,0,4,4
Log10,0,0,0,100,2,2,4,0.5,2,2,4
Asin,0,0,0,100,2,2,4,0.5,2,2,4
Logistic.Parametric,0,6,6,1,2,25,27,0.925925926,1,6,7
Sqrt,0,0,0,100,1,3,4,0.75,1,3,4
Ulp,0,0,0,100,0,2,2,1,0,2,2
Tanh,0,0,0,100,2,2,4,0.5,2,2,4
Log1p,0,0,0,100,2,2,4,0.5,2,2,4
Subtract,0,0,0,100,2,0,2,0,2,0,2
Exp,0,0,0,100,2,2,4,0.5,2,2,4
Gaussian.Parametric,0,6,6,1,0,21,21,1,0,7,7
Cos,0,0,0,100,1,3,4,0.75,1,3,4
Log,0,0,0,100,1,3,4,0.75,1,3,4
Sinc,2,24,26,0.923076923,1,50,51,0.980392157,3,15,18
Sinh,0,0,0,100,2,2,4,0.5,2,2,4
Pow,0,0,0,100,0,2,2,1,0,2,2
Inverse,0,0,0,100,1,3,4,0.75,1,3,4
Cbrt,0,0,0,100,2,2,4,0.5,2,2,4
Percentile,8,60,68,0.882352941,16,111,127,0.874015748,10,41,51
Median,0,0,0,100,2,2,4,0.5,1,1,2
Min,0,12,12,1,3,29,32,0.90625,1,14,15
Max,0,12,12,1,3,29,32,0.90625,1,14,15
DfpField,8,38,46,0.826086957,12,155,167,0.928143713,19,44,63
Dfp,81,697,778,0.895886889,82,1016,1098,0.925318761,83,426,509
DfpDec,12,100,112,0.892857143,25,109,134,0.813432836,22,56,78
DfpField.RoundingMode,0,0,0,100,0,9,9,1,0,1,1
DfpMath,40,154,194,0.793814433,34,341,375,0.909333333,29,88,117
BracketingNthOrderBrentSolverDFP,7,59,66,0.893939394,13,116,129,0.899224806,9,36,45
LevenbergMarquardtOptimizer.InternalData,0,0,0,100,0,8,8,1,0,1,1
OptimumImpl,0,0,0,100,2,12,14,0.857142857,2,8,10
LeastSquaresAdapter,0,0,0,100,0,10,10,1,0,8,8
DenseWeightedEvaluation,0,0,0,100,0,7,7,1,0,4,4
GaussNewtonOptimizer.Decomposition.new GaussNewtonOptimizer.Decomposition() {...},0,0,0,100,0,4,4,1,0,2,2
GaussNewtonOptimizer.Decomposition.new GaussNewtonOptimizer.Decomposition() {...},0,0,0,100,0,10,10,1,0,2,2
GaussNewtonOptimizer.Decomposition.new GaussNewtonOptimizer.Decomposition() {...},0,0,0,100,0,6,6,1,0,2,2
GaussNewtonOptimizer.Decomposition.new GaussNewtonOptimizer.Decomposition() {...},0,0,0,100,0,10,10,1,0,2,2
LevenbergMarquardtOptimizer,17,185,202,0.915841584,17,361,378,0.955026455,21,98,119
LeastSquaresBuilder,0,0,0,100,0,20,20,1,0,13,13
GaussNewtonOptimizer,1,17,18,0.944444444,6,40,46,0.869565217,5,11,16
AbstractEvaluation,0,2,2,1,0,18,18,1,0,6,6
LeastSquaresFactory.LocalLeastSquaresProblem.UnweightedEvaluation,0,0,0,100,0,8,8,1,0,4,4
LeastSquaresFactory.new MultivariateJacobianFunction() {...},0,0,0,100,0,5,5,1,0,2,2
LeastSquaresFactory.new LeastSquaresAdapter() {...},0,0,0,100,3,0,3,0,2,0,2
LeastSquaresFactory.new ConvergenceChecker() {...},0,0,0,100,0,6,6,1,0,2,2
LeastSquaresFactory,0,4,4,1,4,15,19,0.789473684,3,8,11
LeastSquaresFactory.new LeastSquaresAdapter() {...},0,0,0,100,0,2,2,1,0,2,2
GaussNewtonOptimizer.Decomposition,0,0,0,100,0,5,5,1,0,1,1
LeastSquaresFactory.LocalLeastSquaresProblem,1,1,2,0.5,0,13,13,1,1,5,6
MultistepIntegrator.InitializationCompletedMarkerException,0,0,0,100,0,2,2,1,0,1,1
ExpandableStatefulODE.SecondaryComponent,0,0,0,100,0,7,7,1,0,1,1
ExpandableStatefulODE,4,14,18,0.777777778,7,58,65,0.892307692,6,20,26
JacobianMatrices,9,25,34,0.735294118,9,68,77,0.883116883,9,19,28
UnknownParameterException,0,0,0,100,4,0,4,0,2,0,2
MultistepIntegrator.NordsieckInitializer,2,8,10,0.8,6,36,42,0.857142857,2,6,8
AbstractIntegrator,2,60,62,0.967741935,4,135,139,0.971223022,4,51,55
JacobianMatrices.MismatchedEquations,0,0,0,100,2,0,2,0,1,0,1
ContinuousOutputModel,3,45,48,0.9375,2,109,111,0.981981982,4,31,35
FirstOrderConverter,0,0,0,100,0,14,14,1,0,3,3
ParameterConfiguration,0,0,0,100,0,8,8,1,0,4,4
AbstractParameterizable,2,6,8,0.75,7,11,18,0.611111111,4,5,9
ParameterizedWrapper,2,0,2,0,12,0,12,0,8,0,8
MultistepIntegrator,2,2,4,0.5,11,32,43,0.744186047,7,7,14
AbstractIntegrator.new Comparator() {...},0,0,0,100,0,2,2,1,0,2,2
JacobianMatrices.JacobiansSecondaryEquations,5,21,26,0.807692308,1,39,40,0.975,5,11,16
MultistepIntegrator.new FirstOrderDifferentialEquations() {...},0,0,0,100,4,0,4,0,3,0,3
JacobianMatrices.MainStateJacobianWrapper,1,5,6,0.833333333,1,18,19,0.947368421,1,6,7
EquationsMapper,2,2,4,0.5,2,12,14,0.857142857,2,5,7
ParameterJacobianWrapper,2,6,8,0.75,2,22,24,0.916666667,3,5,8
FastFourierTransformer.MultiDimensionalComplexMatrix,8,22,30,0.733333333,8,53,61,0.868852459,6,16,22
FastFourierTransformer,9,54,63,0.857142857,4,169,173,0.976878613,9,33,42
TransformUtils,4,10,14,0.714285714,7,24,31,0.774193548,4,9,13
FastCosineTransformer,0,14,14,1,0,44,44,1,0,11,11
DstNormalization,0,0,0,100,0,3,3,1,0,1,1
TransformType,0,0,0,100,0,3,3,1,0,1,1
DctNormalization,0,0,0,100,0,3,3,1,0,1,1
DftNormalization,0,0,0,100,0,3,3,1,0,1,1
FastHadamardTransformer,1,17,18,0.944444444,3,39,42,0.928571429,2,13,15
FastSineTransformer,0,14,14,1,0,40,40,1,0,11,11
UnivariatePeriodicInterpolator.new UnivariateFunction() {...},0,0,0,100,0,2,2,1,0,2,2
TricubicSplineInterpolatingFunction,10,70,80,0.875,6,97,103,0.941747573,10,35,45
MicrosphereInterpolatingFunction.MicrosphereSurfaceElement,0,2,2,1,0,13,13,1,0,7,7
BicubicSplineFunction.new BivariateFunction() {...},0,0,0,100,0,6,6,1,0,2,2
LoessInterpolator,4,48,52,0.923076923,6,110,116,0.948275862,6,30,36
BicubicSplineFunction.new BivariateFunction() {...},0,0,0,100,5,1,6,0.166666667,1,1,2
BicubicSplineFunction.new BivariateFunction() {...},0,0,0,100,5,1,6,0.166666667,1,1,2
BicubicSplineFunction.new BivariateFunction() {...},0,0,0,100,0,7,7,1,0,2,2
BicubicSplineFunction.new BivariateFunction() {...},0,0,0,100,0,7,7,1,0,2,2
BicubicSplineInterpolatingFunction,6,48,54,0.888888889,3,83,86,0.965116279,8,32,40
TricubicSplineFunction,6,18,24,0.75,3,25,28,0.892857143,6,8,14
SmoothingPolynomialBicubicSplineInterpolator,5,27,32,0.84375,5,45,50,0.9,6,14,20
FieldHermiteInterpolator,0,30,30,1,0,64,64,1,0,19,19
DividedDifferenceInterpolator,0,4,4,1,0,17,17,1,0,5,5
SplineInterpolator,0,12,12,1,0,38,38,1,0,8,8
HermiteInterpolator,0,28,28,1,0,62,62,1,0,21,21
TricubicSplineInterpolator,4,50,54,0.925925926,1,78,79,0.987341772,4,27,31
MicrosphereInterpolatingFunction,8,22,30,0.733333333,6,42,48,0.875,8,10,18
MicrosphereInterpolator,2,2,4,0.5,2,10,12,0.833333333,2,3,5
BicubicSplineInterpolator,3,31,34,0.911764706,1,44,45,0.977777778,3,18,21
NevilleInterpolator,0,0,0,100,0,2,2,1,0,2,2
LinearInterpolator,0,8,8,1,0,18,18,1,0,6,6
BicubicSplineFunction,9,21,30,0.7,6,50,56,0.892857143,9,15,24
UnivariatePeriodicInterpolator,0,6,6,1,0,28,28,1,0,6,6
NeuronString,4,18,22,0.818181818,5,40,45,0.888888889,6,13,19
NeuronString.SerializationProxy,0,0,0,100,0,5,5,1,0,2,2
SumOfClusterVariances,1,5,6,0.833333333,0,13,13,1,1,4,5
ClusterEvaluator,1,11,12,0.916666667,3,19,22,0.863636364,2,9,11
LegendreGaussIntegrator,1,12,13,0.923076923,4,68,72,0.944444444,2,12,14
SimpsonIntegrator,5,7,12,0.583333333,7,22,29,0.75862069,5,5,10
IterativeLegendreGaussIntegrator.new UnivariateFunction() {...},0,0,0,100,0,2,2,1,0,2,2
IterativeLegendreGaussIntegrator,1,7,8,0.875,1,34,35,0.971428571,1,9,10
RombergIntegrator,4,8,12,0.666666667,6,31,37,0.837837838,4,6,10
BaseAbstractUnivariateIntegrator,1,3,4,0.75,4,36,40,0.9,3,13,16
TrapezoidIntegrator,4,10,14,0.714285714,6,37,43,0.860465116,4,8,12
MidPointIntegrator,3,9,12,0.75,3,32,35,0.914285714,3,8,11
VectorFormat,1,15,16,0.9375,13,37,50,0.74,8,12,20
HarmonicFitter.ParameterGuesser,2,28,30,0.933333333,1,93,94,0.989361702,2,18,20
CurveFitter.OldTheoreticalValuesFunction,0,2,2,1,0,10,10,1,0,4,4
PolynomialFitter,0,0,0,100,5,4,9,0.444444444,3,2,5
GaussianFitter.ParameterGuesser.new Comparator() {...},15,5,20,0.25,13,7,20,0.35,10,2,12
CurveFitter.OldTheoreticalValuesFunction.new MultivariateMatrixFunction() {...},0,2,2,1,0,7,7,1,0,3,3
WeightedObservedPoint,0,0,0,100,0,8,8,1,0,4,4
CurveFitter,1,3,4,0.75,10,22,32,0.6875,4,7,11
GaussianFitter.ParameterGuesser,6,28,34,0.823529412,5,55,60,0.916666667,6,19,25
CurveFitter.TheoreticalValuesFunction,8,0,8,0,21,0,21,0,7,0,7
GaussianFitter,0,0,0,100,0,6,6,1,0,3,3
GaussianFitter.new Gaussian.Parametric() {...},0,0,0,100,1,10,11,0.909090909,0,3,3
HarmonicFitter,0,0,0,100,0,4,4,1,0,3,3
UnboundedSolutionException,0,0,0,100,0,2,2,1,0,1,1
LinearConstraint,6,6,12,0.5,15,24,39,0.615384615,7,10,17
NonNegativeConstraint,0,0,0,100,0,4,4,1,0,2,2
PivotSelectionRule,0,0,0,100,0,3,3,1,0,1,1
Relationship,0,3,3,1,1,11,12,0.916666667,1,5,6
LinearObjectiveFunction,4,4,8,0.5,3,20,23,0.869565217,5,9,14
SimplexSolver,3,61,64,0.953125,6,101,107,0.943925234,5,39,44
LinearOptimizer,0,8,8,1,0,18,18,1,0,10,10
LinearConstraintSet,2,0,2,0,4,5,9,0.555555556,2,2,4
NoFeasibleSolutionException,0,0,0,100,0,2,2,1,0,1,1
SimplexTableau,11,127,138,0.920289855,10,205,215,0.953488372,14,92,106
SolutionCallback,0,4,4,1,0,5,5,1,0,6,6
AdamsMoultonIntegrator,2,30,32,0.9375,4,76,80,0.95,2,17,19
AdamsMoultonIntegrator.Corrector,2,6,8,0.75,0,21,21,1,2,6,8
RungeKuttaStepInterpolator,7,23,30,0.766666667,2,49,51,0.960784314,7,14,21
ClassicalRungeKuttaIntegrator,0,0,0,100,0,5,5,1,0,2,2
HighamHall54Integrator,0,6,6,1,0,19,19,1,0,8,8
DormandPrince853StepInterpolator,5,43,48,0.895833333,4,116,120,0.966666667,5,29,34
AdamsNordsieckTransformer,0,20,20,1,1,68,69,0.985507246,1,17,18
ClassicalRungeKuttaStepInterpolator,1,7,8,0.875,0,35,35,1,1,7,8
RungeKuttaIntegrator,0,40,40,1,0,77,77,1,0,23,23
ThreeEighthesStepInterpolator,1,7,8,0.875,0,38,38,1,1,7,8
ThreeEighthesIntegrator,0,0,0,100,0,5,5,1,0,2,2
AdaptiveStepsizeIntegrator,6,40,46,0.869565217,2,84,86,0.976744186,5,30,35
EmbeddedRungeKuttaIntegrator,0,54,54,1,0,112,112,1,0,36,36
LutherStepInterpolator,1,7,8,0.875,0,50,50,1,1,8,9
EulerIntegrator,0,0,0,100,0,5,5,1,0,2,2
GillIntegrator,0,0,0,100,0,8,8,1,0,2,2
DormandPrince853Integrator,0,6,6,1,0,43,43,1,0,8,8
LutherIntegrator,0,0,0,100,0,6,6,1,0,2,2
GraggBulirschStoerStepInterpolator,15,43,58,0.74137931,9,127,136,0.933823529,14,25,39
HighamHall54StepInterpolator,1,7,8,0.875,0,41,41,1,1,7,8
MidpointIntegrator,0,0,0,100,0,5,5,1,0,2,2
DormandPrince54Integrator,0,4,4,1,0,16,16,1,0,7,7
AdamsIntegrator,0,0,0,100,0,10,10,1,0,5,5
GraggBulirschStoerIntegrator,22,212,234,0.905982906,7,305,312,0.977564103,22,109,131
MidpointStepInterpolator,1,7,8,0.875,0,24,24,1,1,7,8
AdamsBashforthIntegrator,3,31,34,0.911764706,4,74,78,0.948717949,3,17,20
DormandPrince54StepInterpolator,1,15,16,0.9375,0,62,62,1,1,13,14
EulerStepInterpolator,1,7,8,0.875,0,13,13,1,1,7,8
GillStepInterpolator,1,7,8,0.875,0,43,43,1,1,8,9
RealLinearOperator,0,0,0,100,2,1,3,0.333333333,2,1,3
FieldLUDecomposition.Solver,2,52,54,0.962962963,2,80,82,0.975609756,2,31,33
DefaultIterativeLinearSolverEvent,3,1,4,0.25,2,17,19,0.894736842,3,6,9
BlockRealMatrix,14,264,278,0.949640288,38,690,728,0.947802198,11,182,193
SymmLQ,2,8,10,0.8,13,48,61,0.786885246,7,10,17
LUDecomposition.Solver,0,38,38,1,0,55,55,1,0,24,24
RRQRDecomposition,2,18,20,0.9,1,47,48,0.979166667,2,15,17
RRQRDecomposition.Solver,0,0,0,100,1,7,8,0.875,1,4,5
DefaultFieldMatrixPreservingVisitor,0,0,0,100,1,5,6,0.833333333,1,3,4
RectangularCholeskyDecomposition,2,26,28,0.928571429,2,54,56,0.964285714,2,16,18
LUDecomposition,0,54,54,1,0,85,85,1,0,35,35
SymmLQ.State,9,51,60,0.85,7,171,178,0.960674157,9,35,44
Array2DRowRealMatrix,7,89,96,0.927083333,5,188,193,0.974093264,7,72,79
SingularValueDecomposition.new DefaultRealMatrixPreservingVisitor() {...},0,0,0,100,0,3,3,1,0,2,2
EigenDecomposition.Solver,2,36,38,0.947368421,2,63,65,0.969230769,2,23,25
SparseRealVector,0,0,0,100,0,1,1,1,0,1,1
SparseFieldVector,36,76,112,0.678571429,72,207,279,0.741935484,38,71,109
NonSymmetricMatrixException,0,0,0,100,3,5,8,0.625,3,1,4
NonSquareOperatorException,0,0,0,100,0,2,2,1,0,1,1
CholeskyDecomposition.Solver,0,28,28,1,2,46,48,0.958333333,2,17,19
OpenMapRealVector.OpenMapEntry,0,0,0,100,2,5,7,0.714285714,1,3,4
MatrixUtils.BigFractionMatrixConverter,0,0,0,100,0,7,7,1,0,4,4
RealVector.Entry,0,0,0,100,0,9,9,1,0,5,5
BiDiagonalTransformer,7,103,110,0.936363636,3,155,158,0.981012658,10,55,65
DefaultRealMatrixChangingVisitor,0,0,0,100,1,3,4,0.75,1,3,4
DiagonalMatrix,1,37,38,0.973684211,1,84,85,0.988235294,1,42,43
SingularValueDecomposition,13,171,184,0.929347826,4,274,278,0.985611511,14,92,106
DefaultFieldMatrixChangingVisitor,0,0,0,100,1,5,6,0.833333333,1,3,4
AbstractFieldMatrix.new DefaultFieldMatrixPreservingVisitor() {...},0,0,0,100,0,3,3,1,0,2,2
AbstractFieldMatrix.new DefaultFieldMatrixPreservingVisitor() {...},0,0,0,100,0,6,6,1,0,3,3
AbstractFieldMatrix.new DefaultFieldMatrixChangingVisitor() {...},0,0,0,100,0,2,2,1,0,2,2
IllConditionedOperatorException,0,0,0,100,2,0,2,0,1,0,1
SingularMatrixException,0,0,0,100,0,2,2,1,0,1,1
CholeskyDecomposition,0,22,22,1,0,45,45,1,0,17,17
SparseFieldMatrix,8,2,10,0.2,29,24,53,0.452830189,8,10,18
AbstractRealMatrix.new DefaultRealMatrixPreservingVisitor() {...},0,0,0,100,0,3,3,1,0,2,2
AbstractRealMatrix.new DefaultRealMatrixPreservingVisitor() {...},0,0,0,100,0,6,6,1,0,3,3
AbstractRealMatrix.new DefaultRealMatrixChangingVisitor() {...},0,0,0,100,0,2,2,1,0,2,2
SingularValueDecomposition.Solver,0,6,6,1,0,16,16,1,0,8,8
AbstractRealMatrix.new RealMatrixPreservingVisitor() {...},0,0,0,100,0,6,6,1,0,4,4
AbstractRealMatrix.new RealMatrixPreservingVisitor() {...},0,2,2,1,0,11,11,1,0,5,5
EigenDecomposition,18,146,164,0.890243902,24,281,305,0.921311475,18,85,103
BlockFieldMatrix,34,230,264,0.871212121,97,634,731,0.867305062,22,162,184
OpenMapRealVector,7,117,124,0.943548387,23,269,292,0.921232877,11,99,110
QRDecomposition.Solver,0,44,44,1,0,84,84,1,0,27,27
OpenMapRealMatrix,4,20,24,0.833333333,18,82,100,0.82,4,24,28
Array2DRowFieldMatrix,9,83,92,0.902173913,23,176,199,0.884422111,13,67,80
HessenbergTransformer,3,51,54,0.944444444,1,76,77,0.987012987,4,29,33
RealVector.2.new Iterator() {...},0,0,0,100,1,5,6,0.833333333,1,3,4
RealVector.2.new Iterator() {...},0,0,0,100,1,5,6,0.833333333,1,3,4
RealVectorFormat,0,22,22,1,7,58,65,0.892307692,5,21,26
NonPositiveDefiniteMatrixException,0,0,0,100,3,7,10,0.7,3,1,4
JacobiPreconditioner,1,7,8,0.875,1,23,24,0.958333333,1,9,10
NonSquareMatrixException,0,0,0,100,0,2,2,1,0,1,1
JacobiPreconditioner.new RealLinearOperator() {...},0,0,0,100,2,3,5,0.6,2,2,4
DefaultRealMatrixPreservingVisitor,0,0,0,100,1,3,4,0.75,1,3,4
NonPositiveDefiniteOperatorException,0,0,0,100,0,2,2,1,0,1,1
AbstractFieldMatrix,39,203,242,0.838842975,54,375,429,0.874125874,34,149,183
PreconditionedIterativeLinearSolver,0,6,6,1,4,21,25,0.84,2,9,11
SchurTransformer,7,83,90,0.922222222,2,189,191,0.989528796,7,48,55
AbstractRealMatrix,22,176,198,0.888888889,35,338,373,0.90616622,19,134,153
MatrixDimensionMismatchException,0,0,0,100,0,8,8,1,0,5,5
RealVector.2.UnmodifiableEntry,0,0,0,100,0,3,3,1,0,3,3
RealMatrixFormat,3,41,44,0.931818182,11,95,106,0.896226415,10,30,40
OpenMapRealVector.OpenMapSparseIterator,0,0,0,100,1,7,8,0.875,1,3,4
NonSelfAdjointOperatorException,0,0,0,100,0,2,2,1,0,1,1
RealVector,0,82,82,1,2,210,212,0.990566038,2,90,92
SingularOperatorException,0,0,0,100,2,0,2,0,1,0,1
IterativeLinearSolverEvent,0,0,0,100,2,2,4,0.5,2,1,3
MatrixUtils,42,116,158,0.734177215,52,229,281,0.814946619,36,80,116
QRDecomposition,0,42,42,1,0,77,77,1,0,30,30
RealVector.new Iterator() {...},0,4,4,1,0,9,9,1,0,6,6
ArrayFieldVector,18,96,114,0.842105263,73,289,362,0.798342541,20,110,130
RealVector.new RealVector() {...},0,0,0,100,2,43,45,0.955555556,2,41,43
FieldLUDecomposition,2,52,54,0.962962963,0,82,82,1,2,32,34
ConjugateGradient,3,15,18,0.833333333,7,61,68,0.897058824,5,8,13
TriDiagonalTransformer,0,46,46,1,1,88,89,0.988764045,1,30,31
RealVector.SparseEntryIterator,2,12,14,0.857142857,3,19,22,0.863636364,3,9,12
MatrixUtils.FractionMatrixConverter,0,0,0,100,0,7,7,1,0,4,4
IterativeLinearSolver,0,6,6,1,10,17,27,0.62962963,3,6,9
ArrayRealVector,4,140,144,0.972222222,12,357,369,0.967479675,6,133,139
DefaultMeasurementModel,0,0,0,100,2,6,8,0.75,1,3,4
KalmanFilter,8,22,30,0.733333333,18,70,88,0.795454545,11,16,27
DefaultProcessModel,0,0,0,100,4,12,16,0.75,2,6,8
StorelessCovariance,7,15,22,0.681818182,9,27,36,0.75,7,16,23
PearsonsCorrelation,3,27,30,0.9,2,75,77,0.974025974,3,25,28
SpearmansCorrelation,5,27,32,0.84375,3,59,62,0.951612903,6,22,28
Covariance,4,12,16,0.75,5,48,53,0.905660377,5,17,22
KendallsCorrelation.new Comparator() {...},0,2,2,1,0,3,3,1,0,3,3
KendallsCorrelation,1,31,32,0.96875,3,85,88,0.965909091,2,22,24
StorelessBivariateCovariance,2,2,4,0.5,4,26,30,0.866666667,3,5,8
SimplexOptimizer,1,17,18,0.944444444,3,33,36,0.916666667,2,14,16
BaseAbstractMultivariateSimpleBoundsOptimizer,0,0,0,100,1,4,5,0.8,1,3,4
CMAESOptimizer,39,177,216,0.819444444,44,377,421,0.895486936,36,117,153
CMAESOptimizer.Sigma,0,4,4,1,0,7,7,1,0,4,4
NelderMeadSimplex,1,31,32,0.96875,3,82,85,0.964705882,2,23,25
PowellOptimizer.LineSearch,0,0,0,100,0,10,10,1,0,2,2
CMAESOptimizer.FitnessFunction,8,12,20,0.6,10,26,36,0.722222222,6,10,16
CMAESOptimizer.PopulationSize,1,1,2,0.5,1,5,6,0.833333333,1,2,3
PowellOptimizer,3,29,32,0.90625,3,85,88,0.965909091,3,20,23
SimplexOptimizer.new Comparator() {...},0,2,2,1,0,4,4,1,0,3,3
SimplexOptimizer.new MultivariateFunction() {...},0,0,0,100,0,2,2,1,0,2,2
AbstractSimplex,13,41,54,0.759259259,14,75,89,0.842696629,14,27,41
BOBYQAOptimizer.PathIsExploredException,0,0,0,100,2,0,2,0,1,0,1
BOBYQAOptimizer,105,519,624,0.831730769,157,1027,1184,0.867398649,90,243,333
PowellOptimizer.LineSearch.new UnivariateFunction() {...},0,2,2,1,0,6,6,1,0,3,3
MultivariateFunctionMappingAdapter.UpperBoundMapper,0,0,0,100,0,5,5,1,0,3,3
MultivariateFunctionMappingAdapter.LowerBoundMapper,0,0,0,100,0,5,5,1,0,3,3
MultiDirectionalSimplex,0,8,8,1,2,42,44,0.954545455,1,13,14
MultivariateFunctionPenaltyAdapter,3,17,20,0.85,3,26,29,0.896551724,3,9,12
CMAESOptimizer.DoubleIndex,6,0,6,0,7,5,12,0.416666667,5,2,7
BaseAbstractMultivariateOptimizer,5,33,38,0.868421053,3,62,65,0.953846154,6,29,35
BaseAbstractMultivariateVectorOptimizer,11,11,22,0.5,18,42,60,0.7,13,17,30
MultivariateFunctionMappingAdapter.LowerUpperBoundMapper,0,0,0,100,0,6,6,1,0,3,3
MultivariateFunctionMappingAdapter.NoBoundsMapper,0,0,0,100,0,4,4,1,0,3,3
MultivariateFunctionMappingAdapter,2,16,18,0.888888889,2,26,28,0.928571429,2,11,13
Beta,5,83,88,0.943181818,7,128,135,0.948148148,8,47,55
Gamma.new ContinuedFraction() {...},0,0,0,100,0,3,3,1,0,3,3
Gamma,7,83,90,0.922222222,5,158,163,0.969325153,7,50,57
Beta.new ContinuedFraction() {...},0,2,2,1,0,8,8,1,0,4,4
Erf,0,28,28,1,0,84,84,1,0,19,19
MixtureMultivariateRealDistribution,3,19,22,0.863636364,2,43,45,0.955555556,3,14,17
BetaDistribution,9,11,20,0.55,11,39,50,0.78,10,18,28
GammaDistribution,4,28,32,0.875,9,80,89,0.898876404,6,30,36
AbstractRealDistribution.new UnivariateFunction() {...},0,0,0,100,0,2,2,1,0,2,2
ZipfDistribution,0,22,22,1,1,54,55,0.981818182,1,25,26
TriangularDistribution,4,36,40,0.9,3,58,61,0.950819672,7,27,34
FDistribution,0,12,12,1,2,54,56,0.964285714,1,23,24
EnumeratedDistribution,14,22,36,0.611111111,17,40,57,0.701754386,11,15,26
ChiSquaredDistribution,0,0,0,100,2,20,22,0.909090909,1,15,16
SaddlePointExpansion,1,15,16,0.9375,1,41,42,0.976190476,1,11,12
UniformRealDistribution,0,14,14,1,5,31,36,0.861111111,3,20,23
ExponentialDistribution,0,24,24,1,4,61,65,0.938461538,3,28,31
HypergeometricDistribution,1,27,28,0.964285714,2,74,76,0.973684211,2,31,33
TDistribution,1,13,14,0.928571429,2,44,46,0.956521739,2,21,23
AbstractMultivariateRealDistribution,1,3,4,0.75,2,12,14,0.857142857,1,5,6
EnumeratedIntegerDistribution,0,24,24,1,0,43,43,1,0,22,22
PascalDistribution,3,9,12,0.75,4,34,38,0.894736842,4,14,18
GeometricDistribution,2,8,10,0.8,3,27,30,0.9,4,12,16
BinomialDistribution,3,17,20,0.85,4,27,31,0.870967742,4,18,22
CauchyDistribution,0,10,10,1,6,30,36,0.833333333,4,19,23
KolmogorovSmirnovDistribution,12,36,48,0.75,16,59,75,0.786666667,13,18,31
MixtureMultivariateNormalDistribution,0,2,2,1,2,9,11,0.818181818,1,4,5
UniformIntegerDistribution,0,16,16,1,1,29,30,0.966666667,1,17,18
NormalDistribution,0,12,12,1,2,46,48,0.958333333,2,27,29
PoissonDistribution,4,40,44,0.909090909,8,99,107,0.925233645,7,32,39
ParetoDistribution,1,13,14,0.928571429,5,39,44,0.886363636,3,24,27
LogNormalDistribution,2,16,18,0.888888889,4,56,60,0.933333333,4,27,31
AbstractIntegerDistribution,9,35,44,0.795454545,9,56,65,0.861538462,9,23,32
LevyDistribution,3,7,10,0.7,5,26,31,0.838709677,5,14,19
AbstractRealDistribution,5,39,44,0.886363636,3,65,68,0.955882353,6,27,33
MultivariateNormalDistribution,6,22,28,0.785714286,10,49,59,0.830508475,6,16,22
WeibullDistribution,4,18,22,0.818181818,7,61,68,0.897058824,7,24,31
EnumeratedRealDistribution,3,31,34,0.911764706,1,58,59,0.983050847,3,28,31
EuclideanDoublePoint,1,7,,,2,16,,,2,9,
EuclideanIntegerPoint,1,7,,,2,16,,,2,9,
Cluster,0,0,,,0,8,,,0,4,
DBSCANClusterer.PointStatus,0,0,,,0,3,,,0,1,
KMeansPlusPlusClusterer.EmptyClusterStrategy,0,0,,,0,5,,,0,1,
KMeansPlusPlusClusterer,14,78,,,8,158,,,12,45,
DBSCANClusterer,0,28,,,0,53,,,0,21,
AlternativeHypothesis,0,0,,,0,4,,,0,1,
TestUtils,0,0,,,11,44,,,11,40,
WilcoxonSignedRankTest,2,34,,,5,55,,,3,24,
ChiSquareTest,8,56,,,4,101,,,8,35,
GTest,6,50,,,2,87,,,6,33,
OneWayAnova.AnovaStats,0,0,,,0,5,,,0,1,
MannWhitneyUTest,0,10,,,3,31,,,1,11,
OneWayAnova,2,18,,,2,55,,,2,15,
KolmogorovSmirnovTest,34,76,,,45,141,,,31,45,
TTest,1,23,,,5,98,,,2,41,
BinomialTest,7,19,,,7,30,,,7,10,
HarmonicCurveFitter.ParameterGuesser,2,28,,,1,95,,,2,18,
GaussianFitter.new Gaussian.Parametric() {...},0,0,,,1,10,,,0,3,
PolynomialCurveFitter,1,3,,,2,26,,,2,6,
AbstractCurveFitter.TheoreticalValuesFunction.new MultivariateVectorFunction() {...},0,2,,,0,6,,,0,3,
AbstractCurveFitter.TheoreticalValuesFunction.new MultivariateMatrixFunction() {...},0,2,,,0,6,,,0,3,
WeightedObservedPoint,0,0,,,0,8,,,0,4,
GaussianFitter.ParameterGuesser.new Comparator() {...},15,5,,,13,7,,,10,2,
HarmonicFitter.ParameterGuesser,2,28,,,1,93,,,2,18,
GaussianCurveFitter.ParameterGuesser.new Comparator() {...},15,5,,,13,7,,,10,2,
GaussianFitter,0,0,,,0,6,,,0,3,
AbstractCurveFitter.TheoreticalValuesFunction,0,2,,,0,11,,,0,4,
AbstractCurveFitter,0,0,,,0,3,,,0,3,
CurveFitter.TheoreticalValuesFunction,0,0,,,0,5,,,0,3,
GaussianCurveFitter,0,4,,,0,28,,,0,8,
PolynomialFitter,0,0,,,1,3,,,1,2,
HarmonicFitter,0,0,,,0,4,,,0,3,
CurveFitter.TheoreticalValuesFunction.new MultivariateMatrixFunction() {...},0,2,,,0,7,,,0,3,
CurveFitter.TheoreticalValuesFunction.new MultivariateVectorFunction() {...},0,2,,,0,7,,,0,3,
GaussianCurveFitter.new Gaussian.Parametric() {...},0,0,,,0,11,,,0,3,
GaussianFitter.ParameterGuesser,6,28,,,5,55,,,6,19,
WeightedObservedPoints,0,0,,,0,11,,,0,6,
HarmonicCurveFitter,0,4,,,1,27,,,1,7,
GaussianCurveFitter.ParameterGuesser,6,28,,,5,55,,,6,19,
CurveFitter,0,2,,,2,26,,,1,8,
Target,0,0,,,0,4,,,0,2,
PointValuePair,2,4,,,0,10,,,2,6,
MultivariateMultiStartOptimizer,0,0,,,0,2,,,0,1,
PointValuePair.DataTransferObject,0,0,,,0,5,,,0,2,
SimpleValueChecker,1,9,,,3,16,,,2,7,
SimplePointChecker,2,10,,,3,21,,,3,7,
LeastSquaresConverter,3,15,,,3,35,,,3,10,
BaseMultivariateVectorMultiStartOptimizer,3,11,,,5,30,,,4,10,
SimpleVectorValueChecker,0,12,,,3,21,,,1,9,
DifferentiableMultivariateMultiStartOptimizer,0,0,,,2,0,,,1,0,
BaseMultivariateMultiStartOptimizer,5,9,,,8,25,,,6,8,
AbstractConvergenceChecker,0,0,,,4,8,,,1,4,
Weight,2,0,,,6,4,,,2,2,
PointVectorValuePair.DataTransferObject,0,0,,,0,5,,,0,2,
MultivariateDifferentiableVectorMultiStartOptimizer,0,0,,,0,2,,,0,1,
BaseMultivariateVectorMultiStartOptimizer.new Comparator() {...},2,6,,,1,11,,,2,5,
BaseMultivariateMultiStartOptimizer.new Comparator() {...},5,3,,,2,7,,,4,2,
MultivariateDifferentiableMultiStartOptimizer,0,0,,,0,2,,,0,1,
InitialGuess,0,0,,,0,4,,,0,2,
SimpleBounds,0,0,,,0,6,,,0,3,
GoalType,0,0,,,0,3,,,0,1,
DifferentiableMultivariateVectorMultiStartOptimizer,0,0,,,2,0,,,1,0,
PointVectorValuePair,3,9,,,0,13,,,3,10,
NaturalRanking,2,54,,,13,118,,,5,44,
NaNStrategy,0,0,,,0,6,,,0,1,
TiesStrategy,0,0,,,0,6,,,0,1,
NaturalRanking.IntDoublePair,0,0,,,0,7,,,0,4,
SumOfSquares,1,3,,,3,27,,,2,9,
Product,2,6,,,3,34,,,3,12,
SumOfLogs,1,3,,,3,27,,,2,9,
Sum,2,6,,,4,33,,,4,11,
NeuronSquareMesh2D,8,111,,,8,118,,,11,58,
NeuronSquareMesh2D.SerializationProxy,0,0,,,0,7,,,0,2,
PolynomialFunctionNewtonForm,3,15,,,7,44,,,5,14,
PolynomialFunctionLagrangeForm,3,31,,,15,73,,,5,22,
PolynomialsUtils.JacobiKey,4,4,,,1,8,,,4,3,
PolynomialSplineFunction,11,19,,,10,37,,,8,16,
PolynomialsUtils,0,20,,,0,72,,,0,19,
PolynomialFunction,16,46,,,26,83,,,15,33,
PolynomialsUtils.new PolynomialsUtils.RecurrenceCoefficientsGenerator() {...},0,0,,,0,3,,,0,2,
PolynomialsUtils.new PolynomialsUtils.RecurrenceCoefficientsGenerator() {...},0,0,,,0,3,,,0,2,
PolynomialsUtils.new PolynomialsUtils.RecurrenceCoefficientsGenerator() {...},0,0,,,0,2,,,0,2,
PolynomialsUtils.new PolynomialsUtils.RecurrenceCoefficientsGenerator() {...},0,0,,,0,8,,,0,2,
PolynomialsUtils.new PolynomialsUtils.RecurrenceCoefficientsGenerator() {...},0,0,,,0,3,,,0,2,
PolynomialFunction.Parametric,0,2,,,0,8,,,0,4,
AklToussaintHeuristic,3,41,,,2,44,,,3,22,
MonotoneChain,3,29,,,2,50,,,4,17,
ConvexHull2D,2,28,,,1,53,,,2,19,
MonotoneChain.new Comparator() {...},0,2,,,0,5,,,0,3,
AbstractConvexHullGenerator2D,0,2,,,0,16,,,0,6,
BigFractionFormat,2,19,,,8,54,,,7,18,
FractionField,0,0,,,0,5,,,0,5,
FractionField.LazyHolder,0,0,,,0,1,,,0,1,
FractionConversionException,0,0,,,0,4,,,0,2,
BigFractionField,0,0,,,0,5,,,0,5,
FractionFormat,1,12,,,8,43,,,7,14,
ProperBigFractionFormat,4,23,,,9,58,,,5,16,
BigFraction,10,92,,,14,229,,,11,95,
AbstractFormat,3,9,,,5,33,,,5,14,
ProperFractionFormat,4,15,,,9,54,,,5,12,
BigFractionField.LazyHolder,0,0,,,0,1,,,0,1,
Fraction,8,90,,,5,179,,,8,73,
LearningFactorFunctionFactory,0,8,,,0,6,,,0,6,
KohonenUpdateAction,1,9,,,1,40,,,2,9,
LearningFactorFunctionFactory.new LearningFactorFunction() {...},0,0,,,0,3,,,0,2,
LearningFactorFunctionFactory.new LearningFactorFunction() {...},0,0,,,0,3,,,0,2,
NeighbourhoodSizeFunctionFactory.new NeighbourhoodSizeFunction() {...},0,0,,,0,3,,,0,2,
NeighbourhoodSizeFunctionFactory.new NeighbourhoodSizeFunction() {...},0,0,,,0,3,,,0,2,
NeighbourhoodSizeFunctionFactory,0,0,,,0,2,,,0,2,
KohonenTrainingTask,0,2,,,0,8,,,0,3,
OrderedCrossover,0,14,,,0,37,,,0,10,
ChromosomePair,0,0,,,1,6,,,1,3,
FixedElapsedTime,1,5,,,3,8,,,2,4,
InvalidRepresentationException,0,0,,,0,2,,,0,1,
RandomKey,3,29,,,4,63,,,4,24,
TournamentSelection,1,3,,,5,13,,,3,4,
BinaryMutation,1,3,,,1,8,,,1,3,
BinaryChromosome,1,15,,,1,22,,,1,12,
Chromosome,1,7,,,1,15,,,2,8,
RandomKeyMutation,1,1,,,2,8,,,1,2,
ElitisticListPopulation,0,6,,,0,20,,,0,8,
OnePointCrossover,3,7,,,2,18,,,3,5,
TournamentSelection.new ListPopulation() {...},0,0,,,1,1,,,1,1,
CycleCrossover,1,21,,,2,42,,,2,14,
ListPopulation,5,17,,,9,41,,,4,20,
NPointCrossover,1,15,,,2,35,,,2,10,
FixedGenerationCount,1,3,,,2,9,,,2,3,
AbstractListChromosome,1,1,,,0,12,,,1,6,
GeneticAlgorithm,6,12,,,6,39,,,7,14,
UniformCrossover,0,14,,,1,24,,,1,10,
Frequency,9,47,,,11,143,,,8,57,
Frequency.NaturalComparator,0,0,,,0,1,,,0,1,
StatUtils,7,23,,,10,80,,,7,42,
Neuron.SerializationProxy,0,0,,,0,5,,,0,2,
Neuron,2,10,,,3,22,,,3,11,
FeatureInitializerFactory.new FeatureInitializer() {...},0,0,,,0,2,,,0,2,
FeatureInitializerFactory.new FeatureInitializer() {...},0,0,,,0,5,,,0,2,
Network,9,35,,,10,98,,,11,30,
Network.SerializationProxy,0,0,,,0,7,,,0,2,
SquareNeighbourhood,0,0,,,0,3,,,0,1,
MapUtils,32,4,,,71,9,,,21,3,
FeatureInitializerFactory,0,0,,,2,4,,,1,3,
Network.NeuronIdentifierComparator,2,2,,,0,4,,,2,2,
NormalApproximationInterval,0,0,,,0,8,,,0,2,
IntervalUtils,0,10,,,0,19,,,0,11,
ClopperPearsonInterval,2,2,,,0,14,,,2,2,
WilsonScoreInterval,0,0,,,0,15,,,0,2,
ConfidenceInterval,3,3,,,3,12,,,4,5,
AgrestiCoullInterval,0,0,,,0,11,,,0,2,
PolyhedronsSet.TranslationTransform,0,2,,,0,15,,,0,5,
SphericalCoordinates.DataTransferObject,0,0,,,0,6,,,0,2,
RotationOrder,0,0,,,0,22,,,0,6,
FieldRotation,3,105,,,0,431,,,3,88,
OutlineExtractor,14,0,,,34,0,,,10,0,
Vector3DFormat,1,3,,,4,19,,,2,9,
PolyhedronsSet.FacetsContributionVisitor,4,4,,,4,22,,,4,5,
Line,4,12,,,7,46,,,8,21,
SubLine,0,14,,,2,28,,,1,13,
Rotation,3,105,,,0,365,,,3,76,
Segment,0,0,,,0,8,,,0,4,
PolyhedronsSet.RotationTransform,0,2,,,0,23,,,0,5,
SphereGenerator,0,8,,,0,62,,,0,7,
PolyhedronsSet,29,5,,,48,27,,,23,10,
SubPlane,2,16,,,0,44,,,2,11,
Vector3D,0,46,,,0,142,,,0,71,
Euclidean3D,0,0,,,0,4,,,0,4,
NotARotationMatrixException,0,0,,,0,2,,,0,1,
Plane,3,19,,,26,93,,,11,37,
CardanEulerSingularityException,0,2,,,0,2,,,0,2,
OutlineExtractor.BoundaryProjector,34,0,,,63,0,,,23,0,
SphericalCoordinates,2,2,,,0,117,,,2,11,
FieldVector3D,0,72,,,0,259,,,0,118,
Euclidean3D.LazyHolder,0,0,,,0,1,,,0,1,
SmallPrimes,4,30,,,4,53,,,4,18,
Primes,0,26,,,0,29,,,0,16,
PollardRho,22,0,,,60,0,,,14,0,
AVLTree.Node,2,108,,,0,196,,,2,72,
AVLTree.Skew,0,0,,,0,4,,,0,1,
AVLTree,6,30,,,2,40,,,6,21,
OrderedTuple,30,64,,,29,94,,,25,34,
OutOfRangeException,0,0,,,0,8,,,0,4,
DimensionMismatchException,0,0,,,0,6,,,0,3,
MaxCountExceededException,0,0,,,0,7,,,0,3,
NoBracketingException,0,0,,,4,8,,,4,2,
MathUnsupportedOperationException,0,0,,,3,6,,,3,2,
MathArithmeticException,0,0,,,1,10,,,1,4,
NotStrictlyPositiveException,0,0,,,0,4,,,0,2,
MathParseException,0,0,,,4,4,,,1,1,
MathRuntimeException,0,0,,,7,0,,,4,0,
NullArgumentException,0,0,,,0,4,,,0,2,
NotPositiveException,0,0,,,0,4,,,0,2,
TooManyEvaluationsException,0,0,,,0,3,,,0,1,
ZeroException,0,0,,,0,4,,,0,2,
NumberIsTooLargeException,0,2,,,0,8,,,0,5,
MultiDimensionMismatchException,0,0,,,4,6,,,3,3,
MathIllegalArgumentException,0,0,,,1,6,,,1,3,
NonMonotonicSequenceException,0,6,,,0,13,,,0,9,
NoDataException,0,0,,,0,4,,,0,2,
TooManyIterationsException,0,0,,,0,3,,,0,1,
ConvergenceException,0,0,,,0,5,,,0,2,
NotFiniteNumberException,0,0,,,0,4,,,0,2,
MathInternalError,0,0,,,7,0,,,3,0,
MathIllegalStateException,0,0,,,5,8,,,2,4,
NumberIsTooSmallException,0,2,,,0,8,,,0,5,
NotANumberException,0,0,,,0,2,,,0,1,
InsufficientDataException,0,0,,,2,2,,,1,1,
MathIllegalNumberException,0,0,,,0,5,,,0,3,
LevenbergMarquardtOptimizer,19,187,,,14,363,,,18,97,
AbstractLeastSquaresOptimizer,2,12,,,2,41,,,2,18,
GaussNewtonOptimizer,3,23,,,2,59,,,3,14,
MultivariateNormalMixtureExpectationMaximization.DataRow,4,2,,,6,9,,,4,4,
MultivariateNormalMixtureExpectationMaximization,3,51,,,3,108,,,3,30,
SubCircle,0,12,,,0,22,,,0,10,
Edge,1,11,,,4,47,,,1,14,
Sphere2D,0,0,,,1,3,,,1,3,
S2Point,4,16,,,1,42,,,4,21,
Circle,0,2,,,1,43,,,1,24,
Sphere2D.LazyHolder,0,0,,,0,1,,,0,1,
EdgesBuilder,1,23,,,1,52,,,1,18,
PropertiesComputer,3,13,,,3,41,,,3,14,
Vertex,1,5,,,1,23,,,1,10,
SphericalPolygonsSet,13,69,,,7,146,,,11,45,
Circle.CircleTransform,0,0,,,0,10,,,0,4,
ComplexField.LazyHolder,0,0,,,0,1,,,0,1,
Complex,17,165,,,10,223,,,19,121,
ComplexField,0,0,,,1,4,,,1,4,
Quaternion,6,26,,,6,97,,,6,40,
ComplexUtils,0,4,,,0,8,,,0,4,
ComplexFormat,17,21,,,35,76,,,18,22,
RootsOfUnity,5,19,,,8,40,,,5,13,
SobolSequenceGenerator,6,36,,,13,85,,,6,23,
UncorrelatedRandomVectorGenerator,1,3,,,1,16,,,1,4,
RandomGeneratorFactory.new RandomGenerator() {...},0,2,,,2,16,,,1,12,
BitsStreamGenerator,4,14,,,7,48,,,3,17,
ValueServer,2,23,,,7,78,,,3,38,
UniformRandomGenerator,0,0,,,0,5,,,0,3,
ISAACRandom,1,19,,,5,124,,,2,21,
RandomDataGenerator,17,53,,,26,137,,,14,56,
AbstractRandomGenerator,5,17,,,7,40,,,5,17,
SynchronizedRandomGenerator,0,0,,,6,12,,,3,9,
StableRandomGenerator,5,19,,,9,31,,,4,10,
Well19937c,0,0,,,0,26,,,0,5,
Well19937a,0,0,,,2,22,,,1,4,
GaussianRandomGenerator,0,0,,,0,4,,,0,2,
UnitSphereRandomVectorGenerator,0,4,,,0,16,,,0,5,
Well44497a,0,2,,,4,22,,,2,4,
Well44497b,0,2,,,0,28,,,0,6,
MersenneTwister,1,27,,,2,74,,,1,22,
CorrelatedRandomVectorGenerator,3,7,,,12,19,,,4,7,
EmpiricalDistribution.DataAdapter,0,0,,,0,1,,,0,1,
RandomAdaptor,4,2,,,7,16,,,5,12,
HaltonSequenceGenerator,0,16,,,0,33,,,0,15,
Well1024a,0,0,,,2,20,,,1,4,
RandomDataImpl,0,0,,,30,13,,,26,8,
EmpiricalDistribution.StreamDataAdapter,0,4,,,0,23,,,0,5,
AbstractWell,0,8,,,0,39,,,0,11,
RandomGeneratorFactory,2,0,,,5,1,,,2,1,
Well512a,0,0,,,4,17,,,2,3,
EmpiricalDistribution.ArrayDataAdapter,0,4,,,0,14,,,0,5,
JDKRandomGenerator,0,0,,,2,3,,,1,2,
EmpiricalDistribution,8,42,,,18,148,,,14,50,
FunctionUtils.new UnivariateDifferentiableFunction() {...},2,3,,,3,12,,,3,3,
FunctionUtils.new DifferentiableUnivariateFunction() {...},0,0,,,0,3,,,0,3,
FunctionUtils.new MultivariateDifferentiableFunction() {...},3,11,,,4,22,,,4,6,
FunctionUtils.new DifferentiableMultivariateFunction() {...},0,0,,,1,3,,,1,3,
FunctionUtils.new MultivariateDifferentiableVectorFunction() {...},3,13,,,3,26,,,3,8,
FunctionUtils.new DifferentiableMultivariateVectorFunction() {...},0,0,,,0,3,,,0,3,
FunctionUtils.new MultivariateFunction() {...},0,2,,,0,5,,,0,3,
FunctionUtils.new UnivariateFunction() {...},0,0,,,0,2,,,0,2,
FunctionUtils.new UnivariateFunction() {...},0,0,,,0,2,,,0,2,
FunctionUtils.new UnivariateFunction() {...},0,0,,,0,2,,,0,2,
FunctionUtils.18.new MultivariateMatrixFunction() {...},0,6,,,0,14,,,0,5,
FunctionUtils.16.new MultivariateFunction() {...},4,0,,,9,0,,,4,0,
FunctionUtils.16.new MultivariateVectorFunction() {...},0,4,,,0,13,,,0,4,
FunctionUtils.6.new UnivariateFunction() {...},2,0,,,5,0,,,3,0,
FunctionUtils.new DifferentiableUnivariateFunction() {...},2,0,,,6,0,,,4,0,
FunctionUtils.3.new UnivariateFunction() {...},2,0,,,7,0,,,3,0,
FunctionUtils.new UnivariateFunction() {...},0,2,,,0,5,,,0,3,
FunctionUtils.new UnivariateFunction() {...},0,2,,,0,5,,,0,3,
FunctionUtils.new UnivariateDifferentiableFunction() {...},2,2,,,4,5,,,2,3,
FunctionUtils.new UnivariateFunction() {...},0,2,,,0,5,,,0,3,
FunctionUtils.new UnivariateDifferentiableFunction() {...},2,2,,,4,5,,,2,3,
FunctionUtils.new UnivariateDifferentiableFunction() {...},2,2,,,4,5,,,2,3,
FunctionUtils.new DifferentiableUnivariateFunction() {...},2,0,,,6,0,,,4,0,
FunctionUtils.new DifferentiableUnivariateFunction() {...},2,0,,,6,0,,,4,0,
FunctionUtils.9.new UnivariateFunction() {...},6,0,,,9,0,,,5,0,
FunctionUtils,0,6,,,3,27,,,3,21,
FunctionUtils.14.new UnivariateFunction() {...},0,0,,,0,2,,,0,2,
FiniteDifferencesDifferentiator.new UnivariateDifferentiableFunction() {...},0,4,,,0,9,,,0,5,
FiniteDifferencesDifferentiator.new UnivariateDifferentiableVectorFunction() {...},0,10,,,0,16,,,0,8,
DerivativeStructure,2,68,,,0,304,,,2,116,
FiniteDifferencesDifferentiator.new UnivariateDifferentiableMatrixFunction() {...},0,14,,,0,18,,,0,10,
FiniteDifferencesDifferentiator,0,14,,,0,42,,,0,15,
DSCompiler,2,294,,,2,570,,,2,195,
SparseGradient.new Field() {...},0,0,,,0,4,,,0,4,
DerivativeStructure.new Field() {...},0,0,,,0,4,,,0,4,
SparseGradient,6,106,,,4,247,,,6,125,
GradientFunction,0,4,,,0,14,,,0,4,
DerivativeStructure.DataTransferObject,0,0,,,0,6,,,0,2,
JacobianFunction,0,6,,,0,15,,,0,5,
SubLimitAngle,0,6,,,0,9,,,0,9,
S1Point,2,8,,,1,24,,,2,14,
LimitAngle,1,5,,,1,15,,,2,12,
Sphere1D.LazyHolder,0,0,,,0,1,,,0,1,
Sphere1D,0,0,,,0,4,,,0,4,
ArcsSet.InconsistentStateAt2PiWrapping,0,0,,,0,2,,,0,1,
ArcsSet.SubArcsIterator,2,24,,,1,38,,,2,16,
ArcsSet.Split,0,0,,,0,6,,,0,3,
ArcsSet,17,123,,,17,235,,,14,86,
Arc,0,16,,,1,23,,,1,14,
Sphere1D.NoSubSpaceException,0,0,,,0,2,,,0,1,
MultivariateOptimizer,0,6,,,0,15,,,0,8,
LineSearch.new UnivariateFunction() {...},0,2,,,0,6,,,0,3,
GoalType,0,0,,,0,3,,,0,1,
MultiStartMultivariateOptimizer.new Comparator() {...},5,3,,,2,7,,,4,2,
ObjectiveFunctionGradient,0,0,,,0,4,,,0,2,
MultivariateFunctionMappingAdapter,2,16,,,2,26,,,2,11,
LineSearch,0,0,,,0,14,,,0,2,
MultivariateFunctionPenaltyAdapter,3,17,,,3,26,,,3,9,
MultivariateFunctionMappingAdapter.LowerUpperBoundMapper,0,0,,,0,6,,,0,3,
MultivariateFunctionMappingAdapter.LowerBoundMapper,0,0,,,0,5,,,0,3,
MultivariateFunctionMappingAdapter.NoBoundsMapper,0,0,,,0,2,,,0,2,
GradientMultivariateOptimizer,1,3,,,0,10,,,1,5,
MultivariateFunctionMappingAdapter.UpperBoundMapper,0,0,,,0,5,,,0,3,
MultiStartMultivariateOptimizer,0,0,,,0,11,,,0,5,
LeastSquaresConverter,3,15,,,3,35,,,3,10,
ObjectiveFunction,0,0,,,0,4,,,0,2,
SubHyperplane.SplitSubHyperplane,0,0,,,0,6,,,0,3,
Side,0,0,,,0,5,,,0,1,
RegionFactory.IntersectionMerger,0,2,,,0,6,,,0,3,
BoundaryProjection,0,0,,,0,8,,,0,4,
BSPTree,11,78,,,16,193,,,11,62,
BoundarySizeVisitor,0,4,,,0,13,,,0,7,
AbstractRegion,17,113,,,7,163,,,19,79,
BoundaryProjector,4,26,,,0,51,,,4,20,
AbstractRegion.new Comparator() {...},0,4,,,0,4,,,0,4,
AbstractRegion.new BSPTreeVisitor() {...},1,3,,,0,7,,,1,5,
AbstractRegion.BoundaryBuilder,5,23,,,1,39,,,5,14,
RegionFactory.UnionMerger,0,2,,,0,6,,,0,3,
RegionFactory.XorMerger,0,2,,,0,6,,,0,3,
AbstractSubHyperplane,2,6,,,0,29,,,2,11,
RegionFactory,2,16,,,1,43,,,2,15,
BoundaryAttribute,0,0,,,0,6,,,0,3,
RegionFactory.DifferenceMerger,0,6,,,0,9,,,0,5,
Region.Location,0,0,,,0,4,,,0,1,
RegionFactory.NodesCleaner,0,0,,,0,5,,,0,4,
BSPTreeVisitor.Order,0,0,,,0,7,,,0,1,
AbstractRegion.Sides,0,0,,,0,10,,,0,5,
DummyStepHandler,0,0,,,4,0,,,4,0,
AbstractStepInterpolator,9,25,,,15,171,,,10,33,
StepNormalizer,1,33,,,5,59,,,3,23,
StepNormalizerBounds,0,0,,,0,11,,,0,4,
NordsieckStepInterpolator,11,27,,,7,80,,,12,17,
DummyStepHandler.LazyHolder,0,0,,,1,0,,,1,0,
StepNormalizerMode,0,0,,,0,3,,,0,1,
Line.LineTransform,1,1,,,1,31,,,1,4,
SubLine,0,34,,,2,59,,,1,26,
Line,3,13,,,23,67,,,8,34,
Vector2DFormat,1,3,,,5,18,,,3,8,
Euclidean2D.LazyHolder,0,0,,,0,1,,,0,1,
DiskGenerator,0,6,,,0,33,,,0,6,
Euclidean2D,0,0,,,0,4,,,0,4,
PolygonsSet.Edge,0,0,,,0,21,,,0,7,
PolygonsSet.SegmentsBuilder,2,10,,,0,25,,,2,10,
PolygonsSet.Vertex,0,6,,,0,24,,,0,11,
PolygonsSet,24,99,,,37,172,,,23,55,
PolygonsSet.ComparableSegment,7,1,,,7,8,,,6,3,
Vector2D,19,15,,,53,53,,,36,21,
Segment,2,2,,,3,16,,,2,5,
NestedLoops,28,0,,,62,0,,,20,0,
MultivariateSummaryStatistics,8,36,,,0,145,,,8,50,
AggregateSummaryStatistics.AggregatingSummaryStatistics,8,0,,,8,8,,,6,2,
SynchronizedDescriptiveStatistics,0,0,,,3,28,,,1,14,
DescriptiveStatistics,3,19,,,22,139,,,4,57,
AbstractStorelessUnivariateStatistic,2,16,,,1,24,,,2,14,
AbstractUnivariateStatistic,11,1,,,14,10,,,9,8,
SynchronizedSummaryStatistics,0,0,,,30,28,,,14,22,
SummaryStatistics,18,40,,,28,164,,,27,41,
AggregateSummaryStatistics,10,14,,,15,53,,,15,14,
StatisticalSummaryValues,5,11,,,0,45,,,5,14,
SynchronizedMultivariateSummaryStatistics,0,0,,,0,41,,,0,31,
SimplexOptimizer,3,19,,,1,36,,,3,14,
NelderMeadSimplex,1,31,,,3,82,,,2,23,
CMAESOptimizer.DoubleIndex,6,0,,,7,5,,,5,2,
BOBYQAOptimizer.PathIsExploredException,0,0,,,2,0,,,1,0,
MultiDirectionalSimplex,0,8,,,2,42,,,1,13,
CMAESOptimizer.ValuePenaltyPair,0,0,,,0,4,,,0,1,
PowellOptimizer,4,32,,,3,89,,,4,22,
CMAESOptimizer.PopulationSize,1,1,,,1,5,,,1,2,
BOBYQAOptimizer,105,519,,,157,1027,,,90,243,
AbstractSimplex,13,41,,,14,75,,,14,27,
CMAESOptimizer.FitnessFunction,8,14,,,10,26,,,6,10,
CMAESOptimizer.Sigma,0,4,,,0,7,,,0,4,
SimplexOptimizer.new MultivariateFunction() {...},0,0,,,0,2,,,0,2,
SimplexOptimizer.new Comparator() {...},0,2,,,0,4,,,0,3,
CMAESOptimizer,36,182,,,36,377,,,32,117,
AbstractLeastSquaresOptimizer,2,20,,,15,71,,,7,26,
NonLinearConjugateGradientOptimizer.LineSearchFunction,0,4,,,0,11,,,0,4,
LevenbergMarquardtOptimizer,21,181,,,15,360,,,18,93,
NonLinearConjugateGradientOptimizer,7,27,,,8,65,,,8,16,
AbstractDifferentiableOptimizer,0,0,,,6,0,,,4,0,
NonLinearConjugateGradientOptimizer.IdentityPreconditioner,0,0,,,0,2,,,0,2,
AbstractScalarDifferentiableOptimizer,0,0,,,1,7,,,1,4,
ConjugateGradientFormula,0,0,,,0,3,,,0,1,
GaussNewtonOptimizer,3,19,,,6,56,,,5,11,
EnclosingBall,0,4,,,0,11,,,0,9,
WelzlEncloser,1,19,,,1,45,,,1,14,
MaxIter,1,1,,,2,5,,,2,2,
BaseMultivariateOptimizer,2,28,,,1,36,,,2,20,
BaseOptimizer,0,6,,,4,27,,,2,13,
BaseOptimizer.MaxIterCallback,0,0,,,0,1,,,0,1,
AbstractOptimizationProblem.MaxEvalCallback,0,0,,,0,1,,,0,1,
BaseOptimizer.MaxEvalCallback,0,0,,,0,1,,,0,1,
PointVectorValuePair,3,9,,,0,13,,,3,10,
SimpleVectorValueChecker,0,12,,,0,21,,,0,9,
MaxEval,1,1,,,2,5,,,2,2,
PointValuePair,2,4,,,0,10,,,2,6,
AbstractOptimizationProblem.MaxIterCallback,0,0,,,0,1,,,0,1,
SimpleValueChecker,1,9,,,0,16,,,1,7,
PointValuePair.DataTransferObject,0,0,,,0,5,,,0,2,
AbstractConvergenceChecker,0,0,,,0,6,,,0,3,
PointVectorValuePair.DataTransferObject,0,0,,,0,5,,,0,2,
AbstractOptimizationProblem,0,0,,,0,10,,,0,5,
SimplePointChecker,2,10,,,0,21,,,2,7,
InitialGuess,0,0,,,0,4,,,0,2,
SimpleBounds,0,0,,,0,11,,,0,4,
BaseMultiStartMultivariateOptimizer,4,30,,,3,51,,,4,17,
BaseSecantSolver,3,45,,,3,65,,,3,33,
AbstractDifferentiableUnivariateSolver,0,0,,,2,7,,,1,3,
BrentSolver,1,39,,,2,83,,,2,24,
NewtonRaphsonSolver,0,2,,,0,14,,,0,5,
LaguerreSolver.ComplexSolver,9,21,,,7,59,,,8,11,
SecantSolver,1,9,,,5,26,,,3,6,
MullerSolver2,5,15,,,6,49,,,6,8,
RiddersSolver,4,12,,,6,46,,,5,7,
AbstractUnivariateDifferentiableSolver,0,0,,,2,7,,,1,3,
BracketingNthOrderBrentSolver,1,65,,,1,131,,,1,43,
AbstractUnivariateSolver,0,0,,,0,6,,,0,3,
IllinoisSolver,0,0,,,6,2,,,3,1,
AbstractPolynomialSolver,0,0,,,4,6,,,2,3,
UnivariateSolverUtils,21,47,,,28,72,,,15,31,
BisectionSolver,0,4,,,2,17,,,1,5,
BaseAbstractUnivariateSolver,0,0,,,1,44,,,1,21,
LaguerreSolver,8,8,,,16,28,,,9,7,
BaseSecantSolver.Method,0,0,,,0,4,,,0,1,
AllowedSolution,0,0,,,0,6,,,0,1,
NewtonSolver,0,2,,,0,12,,,0,5,
PegasusSolver,0,0,,,2,6,,,1,3,
MullerSolver,5,31,,,5,59,,,6,17,
RegulaFalsiSolver,0,0,,,6,2,,,3,1,
Weight,2,0,,,6,4,,,2,2,
MultivariateVectorOptimizer,0,10,,,0,25,,,0,13,
Target,0,0,,,0,4,,,0,2,
JacobianMultivariateVectorOptimizer,0,4,,,0,10,,,0,6,
ModelFunction,0,0,,,0,4,,,0,2,
ModelFunctionJacobian,0,0,,,0,4,,,0,2,
MultiStartMultivariateVectorOptimizer,0,0,,,0,11,,,0,5,
MultiStartMultivariateVectorOptimizer.new Comparator() {...},4,2,,,2,10,,,3,3,
UnivariatePointValuePair,0,0,,,0,6,,,0,3,
SearchInterval,3,3,,,2,12,,,3,5,
BracketFinder,10,36,,,9,84,,,13,22,
MultiStartUnivariateOptimizer.new Comparator() {...},3,5,,,1,8,,,3,3,
UnivariateOptimizer,0,8,,,0,24,,,0,12,
MultiStartUnivariateOptimizer,2,18,,,2,49,,,2,14,
BrentOptimizer,5,69,,,6,116,,,5,37,
UnivariateObjectiveFunction,0,0,,,0,4,,,0,2,
SimpleUnivariateValueChecker,1,9,,,0,16,,,1,7,
ChebyshevDistance,0,0,,,0,2,,,0,2,
EarthMoversDistance,0,2,,,0,8,,,0,3,
EuclideanDistance,0,0,,,0,2,,,0,2,
ManhattanDistance,0,0,,,0,2,,,0,2,
CanberraDistance,0,6,,,0,7,,,0,5,
Transformer.new Transformer() {...},0,0,,,0,2,,,0,2,
Transformer.new Transformer() {...},0,0,,,0,2,,,0,2,
Transformer.new Transformer() {...},0,0,,,0,2,,,0,2,
Transformer.new Transformer() {...},0,0,,,0,2,,,0,2,
Transformer.new Transformer() {...},0,0,,,0,2,,,0,2,
Transformer,0,0,,,0,6,,,0,1,
FilterType,0,0,,,0,3,,,0,1,
EventFilter,2,20,,,4,42,,,3,13,
FilterType.new FilterType() {...},2,36,,,2,39,,,2,24,
FilterType.new FilterType() {...},2,36,,,2,39,,,2,24,
EventState,16,52,,,8,102,,,16,31,
EventState.new UnivariateFunction() {...},0,0,,,2,3,,,0,2,
EventHandler.Action,0,0,,,0,5,,,0,1,
EventState.LocalMaxCountExceededException,0,0,,,4,0,,,2,0,
