HelpFormatter.java,org.apache.commons.cli.HelpFormatter,org.pitest.mutationtest.engine.gregor.mutators.NegateConditionalsMutator,appendOption,607,NO_COVERAGE,none
HelpFormatter.java,org.apache.commons.cli.HelpFormatter,org.pitest.mutationtest.engine.gregor.mutators.NegateConditionalsMutator,appendOption,612,NO_COVERAGE,none
HelpFormatter.java,org.apache.commons.cli.HelpFormatter,org.pitest.mutationtest.engine.gregor.mutators.NegateConditionalsMutator,appendOption,622,NO_COVERAGE,none
HelpFormatter.java,org.apache.commons.cli.HelpFormatter,org.pitest.mutationtest.engine.gregor.mutators.NegateConditionalsMutator,appendOption,622,NO_COVERAGE,none
HelpFormatter.java,org.apache.commons.cli.HelpFormatter,org.pitest.mutationtest.engine.gregor.mutators.NegateConditionalsMutator,appendOption,628,NO_COVERAGE,none
HelpFormatter.java,org.apache.commons.cli.HelpFormatter,org.pitest.mutationtest.engine.gregor.mutators.NegateConditionalsMutator,appendOptionGroup,573,NO_COVERAGE,none
HelpFormatter.java,org.apache.commons.cli.HelpFormatter,org.pitest.mutationtest.engine.gregor.mutators.NegateConditionalsMutator,appendOptionGroup,581,NO_COVERAGE,none
HelpFormatter.java,org.apache.commons.cli.HelpFormatter,org.pitest.mutationtest.engine.gregor.mutators.NegateConditionalsMutator,appendOptionGroup,586,NO_COVERAGE,none
HelpFormatter.java,org.apache.commons.cli.HelpFormatter,org.pitest.mutationtest.engine.gregor.mutators.NegateConditionalsMutator,appendOptionGroup,592,NO_COVERAGE,none
HelpFormatter.java,org.apache.commons.cli.HelpFormatter,org.pitest.mutationtest.engine.gregor.mutators.VoidMethodCallMutator,appendOptionGroup,579,NO_COVERAGE,none
HelpFormatter.java,org.apache.commons.cli.HelpFormatter,org.pitest.mutationtest.engine.gregor.mutators.VoidMethodCallMutator,appendOptionGroup,584,NO_COVERAGE,none
HelpFormatter.java,org.apache.commons.cli.HelpFormatter,org.pitest.mutationtest.engine.gregor.mutators.ConditionalsBoundaryMutator,createPadding,923,NO_COVERAGE,none
HelpFormatter.java,org.apache.commons.cli.HelpFormatter,org.pitest.mutationtest.engine.gregor.mutators.IncrementsMutator,createPadding,923,NO_COVERAGE,none
HelpFormatter.java,org.apache.commons.cli.HelpFormatter,org.pitest.mutationtest.engine.gregor.mutators.NegateConditionalsMutator,createPadding,923,NO_COVERAGE,none
HelpFormatter.java,org.apache.commons.cli.HelpFormatter,org.pitest.mutationtest.engine.gregor.mutators.ReturnValsMutator,createPadding,928,NO_COVERAGE,none
HelpFormatter.java,org.apache.commons.cli.HelpFormatter,org.pitest.mutationtest.engine.gregor.mutators.ConditionalsBoundaryMutator,findWrapPos,871,NO_COVERAGE,none
HelpFormatter.java,org.apache.commons.cli.HelpFormatter,org.pitest.mutationtest.engine.gregor.mutators.ConditionalsBoundaryMutator,findWrapPos,872,NO_COVERAGE,none
HelpFormatter.java,org.apache.commons.cli.HelpFormatter,org.pitest.mutationtest.engine.gregor.mutators.ConditionalsBoundaryMutator,findWrapPos,876,NO_COVERAGE,none
HelpFormatter.java,org.apache.commons.cli.HelpFormatter,org.pitest.mutationtest.engine.gregor.mutators.ConditionalsBoundaryMutator,findWrapPos,887,NO_COVERAGE,none
HelpFormatter.java,org.apache.commons.cli.HelpFormatter,org.pitest.mutationtest.engine.gregor.mutators.ConditionalsBoundaryMutator,findWrapPos,894,NO_COVERAGE,none
HelpFormatter.java,org.apache.commons.cli.HelpFormatter,org.pitest.mutationtest.engine.gregor.mutators.ConditionalsBoundaryMutator,findWrapPos,903,NO_COVERAGE,none
HelpFormatter.java,org.apache.commons.cli.HelpFormatter,org.pitest.mutationtest.engine.gregor.mutators.IncrementsMutator,findWrapPos,890,NO_COVERAGE,none
HelpFormatter.java,org.apache.commons.cli.HelpFormatter,org.pitest.mutationtest.engine.gregor.mutators.IncrementsMutator,findWrapPos,906,NO_COVERAGE,none
HelpFormatter.java,org.apache.commons.cli.HelpFormatter,org.pitest.mutationtest.engine.gregor.mutators.MathMutator,findWrapPos,874,NO_COVERAGE,none
HelpFormatter.java,org.apache.commons.cli.HelpFormatter,org.pitest.mutationtest.engine.gregor.mutators.MathMutator,findWrapPos,876,NO_COVERAGE,none
HelpFormatter.java,org.apache.commons.cli.HelpFormatter,org.pitest.mutationtest.engine.gregor.mutators.MathMutator,findWrapPos,883,NO_COVERAGE,none
HelpFormatter.java,org.apache.commons.cli.HelpFormatter,org.pitest.mutationtest.engine.gregor.mutators.MathMutator,findWrapPos,901,NO_COVERAGE,none
HelpFormatter.java,org.apache.commons.cli.HelpFormatter,org.pitest.mutationtest.engine.gregor.mutators.NegateConditionalsMutator,findWrapPos,871,NO_COVERAGE,none
HelpFormatter.java,org.apache.commons.cli.HelpFormatter,org.pitest.mutationtest.engine.gregor.mutators.NegateConditionalsMutator,findWrapPos,871,NO_COVERAGE,none
HelpFormatter.java,org.apache.commons.cli.HelpFormatter,org.pitest.mutationtest.engine.gregor.mutators.NegateConditionalsMutator,findWrapPos,872,NO_COVERAGE,none
HelpFormatter.java,org.apache.commons.cli.HelpFormatter,org.pitest.mutationtest.engine.gregor.mutators.NegateConditionalsMutator,findWrapPos,872,NO_COVERAGE,none
HelpFormatter.java,org.apache.commons.cli.HelpFormatter,org.pitest.mutationtest.engine.gregor.mutators.NegateConditionalsMutator,findWrapPos,876,NO_COVERAGE,none
HelpFormatter.java,org.apache.commons.cli.HelpFormatter,org.pitest.mutationtest.engine.gregor.mutators.NegateConditionalsMutator,findWrapPos,887,NO_COVERAGE,none
HelpFormatter.java,org.apache.commons.cli.HelpFormatter,org.pitest.mutationtest.engine.gregor.mutators.NegateConditionalsMutator,findWrapPos,887,NO_COVERAGE,none
HelpFormatter.java,org.apache.commons.cli.HelpFormatter,org.pitest.mutationtest.engine.gregor.mutators.NegateConditionalsMutator,findWrapPos,887,NO_COVERAGE,none
HelpFormatter.java,org.apache.commons.cli.HelpFormatter,org.pitest.mutationtest.engine.gregor.mutators.NegateConditionalsMutator,findWrapPos,887,NO_COVERAGE,none
HelpFormatter.java,org.apache.commons.cli.HelpFormatter,org.pitest.mutationtest.engine.gregor.mutators.NegateConditionalsMutator,findWrapPos,894,NO_COVERAGE,none
HelpFormatter.java,org.apache.commons.cli.HelpFormatter,org.pitest.mutationtest.engine.gregor.mutators.NegateConditionalsMutator,findWrapPos,903,NO_COVERAGE,none
HelpFormatter.java,org.apache.commons.cli.HelpFormatter,org.pitest.mutationtest.engine.gregor.mutators.NegateConditionalsMutator,findWrapPos,903,NO_COVERAGE,none
HelpFormatter.java,org.apache.commons.cli.HelpFormatter,org.pitest.mutationtest.engine.gregor.mutators.NegateConditionalsMutator,findWrapPos,903,NO_COVERAGE,none
HelpFormatter.java,org.apache.commons.cli.HelpFormatter,org.pitest.mutationtest.engine.gregor.mutators.NegateConditionalsMutator,findWrapPos,903,NO_COVERAGE,none
HelpFormatter.java,org.apache.commons.cli.HelpFormatter,org.pitest.mutationtest.engine.gregor.mutators.NegateConditionalsMutator,findWrapPos,909,NO_COVERAGE,none
HelpFormatter.java,org.apache.commons.cli.HelpFormatter,org.pitest.mutationtest.engine.gregor.mutators.ReturnValsMutator,findWrapPos,874,NO_COVERAGE,none
HelpFormatter.java,org.apache.commons.cli.HelpFormatter,org.pitest.mutationtest.engine.gregor.mutators.ReturnValsMutator,findWrapPos,878,NO_COVERAGE,none
HelpFormatter.java,org.apache.commons.cli.HelpFormatter,org.pitest.mutationtest.engine.gregor.mutators.ReturnValsMutator,findWrapPos,896,NO_COVERAGE,none
HelpFormatter.java,org.apache.commons.cli.HelpFormatter,org.pitest.mutationtest.engine.gregor.mutators.ReturnValsMutator,findWrapPos,909,NO_COVERAGE,none
HelpFormatter.java,org.apache.commons.cli.HelpFormatter,org.pitest.mutationtest.engine.gregor.mutators.ReturnValsMutator,getArgName,294,NO_COVERAGE,none
HelpFormatter.java,org.apache.commons.cli.HelpFormatter,org.pitest.mutationtest.engine.gregor.mutators.ReturnValsMutator,getDescPadding,194,NO_COVERAGE,none
HelpFormatter.java,org.apache.commons.cli.HelpFormatter,org.pitest.mutationtest.engine.gregor.mutators.ReturnValsMutator,getLeftPadding,174,NO_COVERAGE,none
HelpFormatter.java,org.apache.commons.cli.HelpFormatter,org.pitest.mutationtest.engine.gregor.mutators.ReturnValsMutator,getLongOptPrefix,274,NO_COVERAGE,none
HelpFormatter.java,org.apache.commons.cli.HelpFormatter,org.pitest.mutationtest.engine.gregor.mutators.ReturnValsMutator,getNewLine,234,NO_COVERAGE,none
HelpFormatter.java,org.apache.commons.cli.HelpFormatter,org.pitest.mutationtest.engine.gregor.mutators.ReturnValsMutator,getOptPrefix,254,NO_COVERAGE,none
HelpFormatter.java,org.apache.commons.cli.HelpFormatter,org.pitest.mutationtest.engine.gregor.mutators.ReturnValsMutator,getOptionComparator,304,NO_COVERAGE,none
HelpFormatter.java,org.apache.commons.cli.HelpFormatter,org.pitest.mutationtest.engine.gregor.mutators.ReturnValsMutator,getSyntaxPrefix,214,NO_COVERAGE,none
HelpFormatter.java,org.apache.commons.cli.HelpFormatter,org.pitest.mutationtest.engine.gregor.mutators.ReturnValsMutator,getWidth,154,NO_COVERAGE,none
HelpFormatter.java,org.apache.commons.cli.HelpFormatter,org.pitest.mutationtest.engine.gregor.mutators.VoidMethodCallMutator,printHelp,397,NO_COVERAGE,none
HelpFormatter.java,org.apache.commons.cli.HelpFormatter,org.pitest.mutationtest.engine.gregor.mutators.VoidMethodCallMutator,printHelp,418,NO_COVERAGE,none
HelpFormatter.java,org.apache.commons.cli.HelpFormatter,org.pitest.mutationtest.engine.gregor.mutators.VoidMethodCallMutator,printHelp,419,NO_COVERAGE,none
HelpFormatter.java,org.apache.commons.cli.HelpFormatter,org.pitest.mutationtest.engine.gregor.mutators.VoidMethodCallMutator,printHelp,443,NO_COVERAGE,none
HelpFormatter.java,org.apache.commons.cli.HelpFormatter,org.pitest.mutationtest.engine.gregor.mutators.ConditionalsBoundaryMutator,printHelp,484,NO_COVERAGE,none
HelpFormatter.java,org.apache.commons.cli.HelpFormatter,org.pitest.mutationtest.engine.gregor.mutators.ConditionalsBoundaryMutator,printHelp,491,NO_COVERAGE,none
HelpFormatter.java,org.apache.commons.cli.HelpFormatter,org.pitest.mutationtest.engine.gregor.mutators.NegateConditionalsMutator,printHelp,470,NO_COVERAGE,none
HelpFormatter.java,org.apache.commons.cli.HelpFormatter,org.pitest.mutationtest.engine.gregor.mutators.NegateConditionalsMutator,printHelp,470,NO_COVERAGE,none
HelpFormatter.java,org.apache.commons.cli.HelpFormatter,org.pitest.mutationtest.engine.gregor.mutators.NegateConditionalsMutator,printHelp,475,NO_COVERAGE,none
HelpFormatter.java,org.apache.commons.cli.HelpFormatter,org.pitest.mutationtest.engine.gregor.mutators.NegateConditionalsMutator,printHelp,484,NO_COVERAGE,none
HelpFormatter.java,org.apache.commons.cli.HelpFormatter,org.pitest.mutationtest.engine.gregor.mutators.NegateConditionalsMutator,printHelp,484,NO_COVERAGE,none
HelpFormatter.java,org.apache.commons.cli.HelpFormatter,org.pitest.mutationtest.engine.gregor.mutators.NegateConditionalsMutator,printHelp,491,NO_COVERAGE,none
HelpFormatter.java,org.apache.commons.cli.HelpFormatter,org.pitest.mutationtest.engine.gregor.mutators.NegateConditionalsMutator,printHelp,491,NO_COVERAGE,none
HelpFormatter.java,org.apache.commons.cli.HelpFormatter,org.pitest.mutationtest.engine.gregor.mutators.VoidMethodCallMutator,printHelp,477,NO_COVERAGE,none
HelpFormatter.java,org.apache.commons.cli.HelpFormatter,org.pitest.mutationtest.engine.gregor.mutators.VoidMethodCallMutator,printHelp,481,NO_COVERAGE,none
HelpFormatter.java,org.apache.commons.cli.HelpFormatter,org.pitest.mutationtest.engine.gregor.mutators.VoidMethodCallMutator,printHelp,486,NO_COVERAGE,none
HelpFormatter.java,org.apache.commons.cli.HelpFormatter,org.pitest.mutationtest.engine.gregor.mutators.VoidMethodCallMutator,printHelp,489,NO_COVERAGE,none
HelpFormatter.java,org.apache.commons.cli.HelpFormatter,org.pitest.mutationtest.engine.gregor.mutators.VoidMethodCallMutator,printHelp,493,NO_COVERAGE,none
HelpFormatter.java,org.apache.commons.cli.HelpFormatter,org.pitest.mutationtest.engine.gregor.mutators.VoidMethodCallMutator,printHelp,364,NO_COVERAGE,none
HelpFormatter.java,org.apache.commons.cli.HelpFormatter,org.pitest.mutationtest.engine.gregor.mutators.VoidMethodCallMutator,printHelp,381,NO_COVERAGE,none
HelpFormatter.java,org.apache.commons.cli.HelpFormatter,org.pitest.mutationtest.engine.gregor.mutators.VoidMethodCallMutator,printHelp,334,NO_COVERAGE,none
HelpFormatter.java,org.apache.commons.cli.HelpFormatter,org.pitest.mutationtest.engine.gregor.mutators.VoidMethodCallMutator,printHelp,349,NO_COVERAGE,none
HelpFormatter.java,org.apache.commons.cli.HelpFormatter,org.pitest.mutationtest.engine.gregor.mutators.VoidMethodCallMutator,printOptions,667,NO_COVERAGE,none
HelpFormatter.java,org.apache.commons.cli.HelpFormatter,org.pitest.mutationtest.engine.gregor.mutators.MathMutator,printUsage,644,NO_COVERAGE,none
HelpFormatter.java,org.apache.commons.cli.HelpFormatter,org.pitest.mutationtest.engine.gregor.mutators.MathMutator,printUsage,646,NO_COVERAGE,none
HelpFormatter.java,org.apache.commons.cli.HelpFormatter,org.pitest.mutationtest.engine.gregor.mutators.VoidMethodCallMutator,printUsage,646,NO_COVERAGE,none
HelpFormatter.java,org.apache.commons.cli.HelpFormatter,org.pitest.mutationtest.engine.gregor.mutators.MathMutator,printUsage,560,NO_COVERAGE,none
HelpFormatter.java,org.apache.commons.cli.HelpFormatter,org.pitest.mutationtest.engine.gregor.mutators.NegateConditionalsMutator,printUsage,520,NO_COVERAGE,none
HelpFormatter.java,org.apache.commons.cli.HelpFormatter,org.pitest.mutationtest.engine.gregor.mutators.NegateConditionalsMutator,printUsage,529,NO_COVERAGE,none
HelpFormatter.java,org.apache.commons.cli.HelpFormatter,org.pitest.mutationtest.engine.gregor.mutators.NegateConditionalsMutator,printUsage,532,NO_COVERAGE,none
HelpFormatter.java,org.apache.commons.cli.HelpFormatter,org.pitest.mutationtest.engine.gregor.mutators.NegateConditionalsMutator,printUsage,552,NO_COVERAGE,none
HelpFormatter.java,org.apache.commons.cli.HelpFormatter,org.pitest.mutationtest.engine.gregor.mutators.VoidMethodCallMutator,printUsage,518,NO_COVERAGE,none
HelpFormatter.java,org.apache.commons.cli.HelpFormatter,org.pitest.mutationtest.engine.gregor.mutators.VoidMethodCallMutator,printUsage,539,NO_COVERAGE,none
HelpFormatter.java,org.apache.commons.cli.HelpFormatter,org.pitest.mutationtest.engine.gregor.mutators.VoidMethodCallMutator,printUsage,549,NO_COVERAGE,none
HelpFormatter.java,org.apache.commons.cli.HelpFormatter,org.pitest.mutationtest.engine.gregor.mutators.VoidMethodCallMutator,printUsage,560,NO_COVERAGE,none
HelpFormatter.java,org.apache.commons.cli.HelpFormatter,org.pitest.mutationtest.engine.gregor.mutators.VoidMethodCallMutator,printWrapped,695,NO_COVERAGE,none
HelpFormatter.java,org.apache.commons.cli.HelpFormatter,org.pitest.mutationtest.engine.gregor.mutators.VoidMethodCallMutator,printWrapped,679,NO_COVERAGE,none
HelpFormatter.java,org.apache.commons.cli.HelpFormatter,org.pitest.mutationtest.engine.gregor.mutators.ConditionalsBoundaryMutator,renderOptions,763,NO_COVERAGE,none
HelpFormatter.java,org.apache.commons.cli.HelpFormatter,org.pitest.mutationtest.engine.gregor.mutators.ConditionalsBoundaryMutator,renderOptions,773,NO_COVERAGE,none
HelpFormatter.java,org.apache.commons.cli.HelpFormatter,org.pitest.mutationtest.engine.gregor.mutators.IncrementsMutator,renderOptions,771,NO_COVERAGE,none
HelpFormatter.java,org.apache.commons.cli.HelpFormatter,org.pitest.mutationtest.engine.gregor.mutators.MathMutator,renderOptions,775,NO_COVERAGE,none
HelpFormatter.java,org.apache.commons.cli.HelpFormatter,org.pitest.mutationtest.engine.gregor.mutators.MathMutator,renderOptions,780,NO_COVERAGE,none
HelpFormatter.java,org.apache.commons.cli.HelpFormatter,org.pitest.mutationtest.engine.gregor.mutators.NegateConditionalsMutator,renderOptions,731,NO_COVERAGE,none
HelpFormatter.java,org.apache.commons.cli.HelpFormatter,org.pitest.mutationtest.engine.gregor.mutators.NegateConditionalsMutator,renderOptions,736,NO_COVERAGE,none
HelpFormatter.java,org.apache.commons.cli.HelpFormatter,org.pitest.mutationtest.engine.gregor.mutators.NegateConditionalsMutator,renderOptions,744,NO_COVERAGE,none
HelpFormatter.java,org.apache.commons.cli.HelpFormatter,org.pitest.mutationtest.engine.gregor.mutators.NegateConditionalsMutator,renderOptions,750,NO_COVERAGE,none
HelpFormatter.java,org.apache.commons.cli.HelpFormatter,org.pitest.mutationtest.engine.gregor.mutators.NegateConditionalsMutator,renderOptions,752,NO_COVERAGE,none
HelpFormatter.java,org.apache.commons.cli.HelpFormatter,org.pitest.mutationtest.engine.gregor.mutators.NegateConditionalsMutator,renderOptions,763,NO_COVERAGE,none
HelpFormatter.java,org.apache.commons.cli.HelpFormatter,org.pitest.mutationtest.engine.gregor.mutators.NegateConditionalsMutator,renderOptions,768,NO_COVERAGE,none
HelpFormatter.java,org.apache.commons.cli.HelpFormatter,org.pitest.mutationtest.engine.gregor.mutators.NegateConditionalsMutator,renderOptions,773,NO_COVERAGE,none
HelpFormatter.java,org.apache.commons.cli.HelpFormatter,org.pitest.mutationtest.engine.gregor.mutators.NegateConditionalsMutator,renderOptions,782,NO_COVERAGE,none
HelpFormatter.java,org.apache.commons.cli.HelpFormatter,org.pitest.mutationtest.engine.gregor.mutators.NegateConditionalsMutator,renderOptions,789,NO_COVERAGE,none
HelpFormatter.java,org.apache.commons.cli.HelpFormatter,org.pitest.mutationtest.engine.gregor.mutators.ReturnValsMutator,renderOptions,795,NO_COVERAGE,none
HelpFormatter.java,org.apache.commons.cli.HelpFormatter,org.pitest.mutationtest.engine.gregor.mutators.VoidMethodCallMutator,renderOptions,729,NO_COVERAGE,none
HelpFormatter.java,org.apache.commons.cli.HelpFormatter,org.pitest.mutationtest.engine.gregor.mutators.ConditionalsBoundaryMutator,renderWrappedText,822,NO_COVERAGE,none
HelpFormatter.java,org.apache.commons.cli.HelpFormatter,org.pitest.mutationtest.engine.gregor.mutators.ConditionalsBoundaryMutator,renderWrappedText,844,NO_COVERAGE,none
HelpFormatter.java,org.apache.commons.cli.HelpFormatter,org.pitest.mutationtest.engine.gregor.mutators.MathMutator,renderWrappedText,844,NO_COVERAGE,none
HelpFormatter.java,org.apache.commons.cli.HelpFormatter,org.pitest.mutationtest.engine.gregor.mutators.NegateConditionalsMutator,renderWrappedText,814,NO_COVERAGE,none
HelpFormatter.java,org.apache.commons.cli.HelpFormatter,org.pitest.mutationtest.engine.gregor.mutators.NegateConditionalsMutator,renderWrappedText,822,NO_COVERAGE,none
HelpFormatter.java,org.apache.commons.cli.HelpFormatter,org.pitest.mutationtest.engine.gregor.mutators.NegateConditionalsMutator,renderWrappedText,837,NO_COVERAGE,none
HelpFormatter.java,org.apache.commons.cli.HelpFormatter,org.pitest.mutationtest.engine.gregor.mutators.NegateConditionalsMutator,renderWrappedText,844,NO_COVERAGE,none
HelpFormatter.java,org.apache.commons.cli.HelpFormatter,org.pitest.mutationtest.engine.gregor.mutators.NegateConditionalsMutator,renderWrappedText,844,NO_COVERAGE,none
HelpFormatter.java,org.apache.commons.cli.HelpFormatter,org.pitest.mutationtest.engine.gregor.mutators.ReturnValsMutator,renderWrappedText,818,NO_COVERAGE,none
HelpFormatter.java,org.apache.commons.cli.HelpFormatter,org.pitest.mutationtest.engine.gregor.mutators.ReturnValsMutator,renderWrappedText,841,NO_COVERAGE,none
HelpFormatter.java,org.apache.commons.cli.HelpFormatter,org.pitest.mutationtest.engine.gregor.mutators.ConditionalsBoundaryMutator,rtrim,947,NO_COVERAGE,none
HelpFormatter.java,org.apache.commons.cli.HelpFormatter,org.pitest.mutationtest.engine.gregor.mutators.IncrementsMutator,rtrim,949,NO_COVERAGE,none
HelpFormatter.java,org.apache.commons.cli.HelpFormatter,org.pitest.mutationtest.engine.gregor.mutators.MathMutator,rtrim,947,NO_COVERAGE,none
HelpFormatter.java,org.apache.commons.cli.HelpFormatter,org.pitest.mutationtest.engine.gregor.mutators.NegateConditionalsMutator,rtrim,940,NO_COVERAGE,none
HelpFormatter.java,org.apache.commons.cli.HelpFormatter,org.pitest.mutationtest.engine.gregor.mutators.NegateConditionalsMutator,rtrim,940,NO_COVERAGE,none
HelpFormatter.java,org.apache.commons.cli.HelpFormatter,org.pitest.mutationtest.engine.gregor.mutators.NegateConditionalsMutator,rtrim,947,NO_COVERAGE,none
HelpFormatter.java,org.apache.commons.cli.HelpFormatter,org.pitest.mutationtest.engine.gregor.mutators.NegateConditionalsMutator,rtrim,947,NO_COVERAGE,none
HelpFormatter.java,org.apache.commons.cli.HelpFormatter,org.pitest.mutationtest.engine.gregor.mutators.ReturnValsMutator,rtrim,942,NO_COVERAGE,none
HelpFormatter.java,org.apache.commons.cli.HelpFormatter,org.pitest.mutationtest.engine.gregor.mutators.ReturnValsMutator,rtrim,952,NO_COVERAGE,none
HelpFormatter.java,org.apache.commons.cli.HelpFormatter,org.pitest.mutationtest.engine.gregor.mutators.NegateConditionalsMutator,setOptionComparator,314,NO_COVERAGE,none
Option.java,org.apache.commons.cli.Option,org.pitest.mutationtest.engine.gregor.mutators.NegateConditionalsMutator,<init>,129,NO_COVERAGE,none
Option.java,org.apache.commons.cli.Option,org.pitest.mutationtest.engine.gregor.mutators.VoidMethodCallMutator,<init>,123,NO_COVERAGE,none
Option.java,org.apache.commons.cli.Option,org.pitest.mutationtest.engine.gregor.mutators.ConditionalsBoundaryMutator,add,468,NO_COVERAGE,none
Option.java,org.apache.commons.cli.Option,org.pitest.mutationtest.engine.gregor.mutators.ConditionalsBoundaryMutator,add,468,NO_COVERAGE,none
Option.java,org.apache.commons.cli.Option,org.pitest.mutationtest.engine.gregor.mutators.MathMutator,add,468,NO_COVERAGE,none
Option.java,org.apache.commons.cli.Option,org.pitest.mutationtest.engine.gregor.mutators.NegateConditionalsMutator,add,468,NO_COVERAGE,none
Option.java,org.apache.commons.cli.Option,org.pitest.mutationtest.engine.gregor.mutators.NegateConditionalsMutator,add,468,NO_COVERAGE,none
Option.java,org.apache.commons.cli.Option,org.pitest.mutationtest.engine.gregor.mutators.VoidMethodCallMutator,addValueForProcessing,407,NO_COVERAGE,none
Option.java,org.apache.commons.cli.Option,org.pitest.mutationtest.engine.gregor.mutators.VoidMethodCallMutator,clearValues,659,NO_COVERAGE,none
Option.java,org.apache.commons.cli.Option,org.pitest.mutationtest.engine.gregor.mutators.ReturnValsMutator,clone,643,NO_COVERAGE,none
Option.java,org.apache.commons.cli.Option,org.pitest.mutationtest.engine.gregor.mutators.NegateConditionalsMutator,equals,595,NO_COVERAGE,none
Option.java,org.apache.commons.cli.Option,org.pitest.mutationtest.engine.gregor.mutators.NegateConditionalsMutator,equals,599,NO_COVERAGE,none
Option.java,org.apache.commons.cli.Option,org.pitest.mutationtest.engine.gregor.mutators.NegateConditionalsMutator,equals,599,NO_COVERAGE,none
Option.java,org.apache.commons.cli.Option,org.pitest.mutationtest.engine.gregor.mutators.NegateConditionalsMutator,equals,607,NO_COVERAGE,none
Option.java,org.apache.commons.cli.Option,org.pitest.mutationtest.engine.gregor.mutators.NegateConditionalsMutator,equals,607,NO_COVERAGE,none
Option.java,org.apache.commons.cli.Option,org.pitest.mutationtest.engine.gregor.mutators.NegateConditionalsMutator,equals,607,NO_COVERAGE,none
Option.java,org.apache.commons.cli.Option,org.pitest.mutationtest.engine.gregor.mutators.NegateConditionalsMutator,equals,611,NO_COVERAGE,none
Option.java,org.apache.commons.cli.Option,org.pitest.mutationtest.engine.gregor.mutators.NegateConditionalsMutator,equals,611,NO_COVERAGE,none
Option.java,org.apache.commons.cli.Option,org.pitest.mutationtest.engine.gregor.mutators.NegateConditionalsMutator,equals,611,NO_COVERAGE,none
Option.java,org.apache.commons.cli.Option,org.pitest.mutationtest.engine.gregor.mutators.ReturnValsMutator,equals,597,NO_COVERAGE,none
Option.java,org.apache.commons.cli.Option,org.pitest.mutationtest.engine.gregor.mutators.ReturnValsMutator,equals,601,NO_COVERAGE,none
Option.java,org.apache.commons.cli.Option,org.pitest.mutationtest.engine.gregor.mutators.ReturnValsMutator,equals,609,NO_COVERAGE,none
Option.java,org.apache.commons.cli.Option,org.pitest.mutationtest.engine.gregor.mutators.ReturnValsMutator,equals,613,NO_COVERAGE,none
Option.java,org.apache.commons.cli.Option,org.pitest.mutationtest.engine.gregor.mutators.ReturnValsMutator,equals,616,NO_COVERAGE,none
Option.java,org.apache.commons.cli.Option,org.pitest.mutationtest.engine.gregor.mutators.ReturnValsMutator,getArgName,317,NO_COVERAGE,none
Option.java,org.apache.commons.cli.Option,org.pitest.mutationtest.engine.gregor.mutators.ReturnValsMutator,getArgs,391,NO_COVERAGE,none
Option.java,org.apache.commons.cli.Option,org.pitest.mutationtest.engine.gregor.mutators.ReturnValsMutator,getDescription,266,NO_COVERAGE,none
Option.java,org.apache.commons.cli.Option,org.pitest.mutationtest.engine.gregor.mutators.ReturnValsMutator,getId,146,NO_COVERAGE,none
Option.java,org.apache.commons.cli.Option,org.pitest.mutationtest.engine.gregor.mutators.NegateConditionalsMutator,getKey,157,NO_COVERAGE,none
Option.java,org.apache.commons.cli.Option,org.pitest.mutationtest.engine.gregor.mutators.ReturnValsMutator,getKey,159,NO_COVERAGE,none
Option.java,org.apache.commons.cli.Option,org.pitest.mutationtest.engine.gregor.mutators.ReturnValsMutator,getKey,162,NO_COVERAGE,none
Option.java,org.apache.commons.cli.Option,org.pitest.mutationtest.engine.gregor.mutators.ReturnValsMutator,getLongOpt,207,NO_COVERAGE,none
Option.java,org.apache.commons.cli.Option,org.pitest.mutationtest.engine.gregor.mutators.ReturnValsMutator,getOpt,177,NO_COVERAGE,none
Option.java,org.apache.commons.cli.Option,org.pitest.mutationtest.engine.gregor.mutators.ReturnValsMutator,getType,187,NO_COVERAGE,none
Option.java,org.apache.commons.cli.Option,org.pitest.mutationtest.engine.gregor.mutators.NegateConditionalsMutator,getValue,486,NO_COVERAGE,none
Option.java,org.apache.commons.cli.Option,org.pitest.mutationtest.engine.gregor.mutators.ReturnValsMutator,getValue,486,NO_COVERAGE,none
Option.java,org.apache.commons.cli.Option,org.pitest.mutationtest.engine.gregor.mutators.NegateConditionalsMutator,getValue,503,NO_COVERAGE,none
Option.java,org.apache.commons.cli.Option,org.pitest.mutationtest.engine.gregor.mutators.ReturnValsMutator,getValue,503,NO_COVERAGE,none
Option.java,org.apache.commons.cli.Option,org.pitest.mutationtest.engine.gregor.mutators.NegateConditionalsMutator,getValue,520,NO_COVERAGE,none
Option.java,org.apache.commons.cli.Option,org.pitest.mutationtest.engine.gregor.mutators.ReturnValsMutator,getValue,520,NO_COVERAGE,none
Option.java,org.apache.commons.cli.Option,org.pitest.mutationtest.engine.gregor.mutators.ReturnValsMutator,getValueSeparator,370,NO_COVERAGE,none
Option.java,org.apache.commons.cli.Option,org.pitest.mutationtest.engine.gregor.mutators.NegateConditionalsMutator,getValues,532,NO_COVERAGE,none
Option.java,org.apache.commons.cli.Option,org.pitest.mutationtest.engine.gregor.mutators.ReturnValsMutator,getValues,532,NO_COVERAGE,none
Option.java,org.apache.commons.cli.Option,org.pitest.mutationtest.engine.gregor.mutators.ReturnValsMutator,getValuesList,541,NO_COVERAGE,none
Option.java,org.apache.commons.cli.Option,org.pitest.mutationtest.engine.gregor.mutators.ConditionalsBoundaryMutator,hasArg,256,NO_COVERAGE,none
Option.java,org.apache.commons.cli.Option,org.pitest.mutationtest.engine.gregor.mutators.NegateConditionalsMutator,hasArg,256,NO_COVERAGE,none
Option.java,org.apache.commons.cli.Option,org.pitest.mutationtest.engine.gregor.mutators.NegateConditionalsMutator,hasArg,256,NO_COVERAGE,none
Option.java,org.apache.commons.cli.Option,org.pitest.mutationtest.engine.gregor.mutators.ReturnValsMutator,hasArg,256,NO_COVERAGE,none
Option.java,org.apache.commons.cli.Option,org.pitest.mutationtest.engine.gregor.mutators.ConditionalsBoundaryMutator,hasArgName,329,NO_COVERAGE,none
Option.java,org.apache.commons.cli.Option,org.pitest.mutationtest.engine.gregor.mutators.NegateConditionalsMutator,hasArgName,329,NO_COVERAGE,none
Option.java,org.apache.commons.cli.Option,org.pitest.mutationtest.engine.gregor.mutators.NegateConditionalsMutator,hasArgName,329,NO_COVERAGE,none
Option.java,org.apache.commons.cli.Option,org.pitest.mutationtest.engine.gregor.mutators.ReturnValsMutator,hasArgName,329,NO_COVERAGE,none
Option.java,org.apache.commons.cli.Option,org.pitest.mutationtest.engine.gregor.mutators.ConditionalsBoundaryMutator,hasArgs,339,NO_COVERAGE,none
Option.java,org.apache.commons.cli.Option,org.pitest.mutationtest.engine.gregor.mutators.NegateConditionalsMutator,hasArgs,339,NO_COVERAGE,none
Option.java,org.apache.commons.cli.Option,org.pitest.mutationtest.engine.gregor.mutators.NegateConditionalsMutator,hasArgs,339,NO_COVERAGE,none
Option.java,org.apache.commons.cli.Option,org.pitest.mutationtest.engine.gregor.mutators.ReturnValsMutator,hasArgs,339,NO_COVERAGE,none
Option.java,org.apache.commons.cli.Option,org.pitest.mutationtest.engine.gregor.mutators.NegateConditionalsMutator,hasLongOpt,246,NO_COVERAGE,none
Option.java,org.apache.commons.cli.Option,org.pitest.mutationtest.engine.gregor.mutators.ReturnValsMutator,hasLongOpt,246,NO_COVERAGE,none
Option.java,org.apache.commons.cli.Option,org.pitest.mutationtest.engine.gregor.mutators.ReturnValsMutator,hasNoValues,590,NO_COVERAGE,none
Option.java,org.apache.commons.cli.Option,org.pitest.mutationtest.engine.gregor.mutators.ReturnValsMutator,hasOptionalArg,236,NO_COVERAGE,none
Option.java,org.apache.commons.cli.Option,org.pitest.mutationtest.engine.gregor.mutators.ConditionalsBoundaryMutator,hasValueSeparator,381,NO_COVERAGE,none
Option.java,org.apache.commons.cli.Option,org.pitest.mutationtest.engine.gregor.mutators.NegateConditionalsMutator,hasValueSeparator,381,NO_COVERAGE,none
Option.java,org.apache.commons.cli.Option,org.pitest.mutationtest.engine.gregor.mutators.ReturnValsMutator,hasValueSeparator,381,NO_COVERAGE,none
Option.java,org.apache.commons.cli.Option,org.pitest.mutationtest.engine.gregor.mutators.MathMutator,hashCode,623,NO_COVERAGE,none
Option.java,org.apache.commons.cli.Option,org.pitest.mutationtest.engine.gregor.mutators.MathMutator,hashCode,623,NO_COVERAGE,none
Option.java,org.apache.commons.cli.Option,org.pitest.mutationtest.engine.gregor.mutators.NegateConditionalsMutator,hashCode,622,NO_COVERAGE,none
Option.java,org.apache.commons.cli.Option,org.pitest.mutationtest.engine.gregor.mutators.NegateConditionalsMutator,hashCode,623,NO_COVERAGE,none
Option.java,org.apache.commons.cli.Option,org.pitest.mutationtest.engine.gregor.mutators.ReturnValsMutator,hashCode,624,NO_COVERAGE,none
Option.java,org.apache.commons.cli.Option,org.pitest.mutationtest.engine.gregor.mutators.ReturnValsMutator,isRequired,287,NO_COVERAGE,none
Option.java,org.apache.commons.cli.Option,org.pitest.mutationtest.engine.gregor.mutators.MathMutator,processValue,437,NO_COVERAGE,none
Option.java,org.apache.commons.cli.Option,org.pitest.mutationtest.engine.gregor.mutators.MathMutator,processValue,446,NO_COVERAGE,none
Option.java,org.apache.commons.cli.Option,org.pitest.mutationtest.engine.gregor.mutators.NegateConditionalsMutator,processValue,425,NO_COVERAGE,none
Option.java,org.apache.commons.cli.Option,org.pitest.mutationtest.engine.gregor.mutators.NegateConditionalsMutator,processValue,434,NO_COVERAGE,none
Option.java,org.apache.commons.cli.Option,org.pitest.mutationtest.engine.gregor.mutators.NegateConditionalsMutator,processValue,437,NO_COVERAGE,none
Option.java,org.apache.commons.cli.Option,org.pitest.mutationtest.engine.gregor.mutators.VoidMethodCallMutator,processValue,443,NO_COVERAGE,none
Option.java,org.apache.commons.cli.Option,org.pitest.mutationtest.engine.gregor.mutators.VoidMethodCallMutator,processValue,454,NO_COVERAGE,none
Option.java,org.apache.commons.cli.Option,org.pitest.mutationtest.engine.gregor.mutators.NegateConditionalsMutator,toString,555,NO_COVERAGE,none
Option.java,org.apache.commons.cli.Option,org.pitest.mutationtest.engine.gregor.mutators.NegateConditionalsMutator,toString,562,NO_COVERAGE,none
Option.java,org.apache.commons.cli.Option,org.pitest.mutationtest.engine.gregor.mutators.NegateConditionalsMutator,toString,566,NO_COVERAGE,none
Option.java,org.apache.commons.cli.Option,org.pitest.mutationtest.engine.gregor.mutators.NegateConditionalsMutator,toString,573,NO_COVERAGE,none
Option.java,org.apache.commons.cli.Option,org.pitest.mutationtest.engine.gregor.mutators.ReturnValsMutator,toString,580,NO_COVERAGE,none
Parser.java,org.apache.commons.cli.Parser,org.pitest.mutationtest.engine.gregor.mutators.NegateConditionalsMutator,checkRequiredOptions,297,NO_COVERAGE,none
Parser.java,org.apache.commons.cli.Parser,org.pitest.mutationtest.engine.gregor.mutators.ReturnValsMutator,getOptions,53,NO_COVERAGE,none
Parser.java,org.apache.commons.cli.Parser,org.pitest.mutationtest.engine.gregor.mutators.ReturnValsMutator,getRequiredOptions,58,NO_COVERAGE,none
Parser.java,org.apache.commons.cli.Parser,org.pitest.mutationtest.engine.gregor.mutators.ReturnValsMutator,parse,85,NO_COVERAGE,none
Parser.java,org.apache.commons.cli.Parser,org.pitest.mutationtest.engine.gregor.mutators.ReturnValsMutator,parse,102,NO_COVERAGE,none
Parser.java,org.apache.commons.cli.Parser,org.pitest.mutationtest.engine.gregor.mutators.NegateConditionalsMutator,parse,143,NO_COVERAGE,none
Parser.java,org.apache.commons.cli.Parser,org.pitest.mutationtest.engine.gregor.mutators.NegateConditionalsMutator,parse,156,NO_COVERAGE,none
Parser.java,org.apache.commons.cli.Parser,org.pitest.mutationtest.engine.gregor.mutators.NegateConditionalsMutator,parse,166,NO_COVERAGE,none
Parser.java,org.apache.commons.cli.Parser,org.pitest.mutationtest.engine.gregor.mutators.NegateConditionalsMutator,parse,171,NO_COVERAGE,none
Parser.java,org.apache.commons.cli.Parser,org.pitest.mutationtest.engine.gregor.mutators.NegateConditionalsMutator,parse,177,NO_COVERAGE,none
Parser.java,org.apache.commons.cli.Parser,org.pitest.mutationtest.engine.gregor.mutators.NegateConditionalsMutator,parse,179,NO_COVERAGE,none
Parser.java,org.apache.commons.cli.Parser,org.pitest.mutationtest.engine.gregor.mutators.NegateConditionalsMutator,parse,190,NO_COVERAGE,none
Parser.java,org.apache.commons.cli.Parser,org.pitest.mutationtest.engine.gregor.mutators.NegateConditionalsMutator,parse,192,NO_COVERAGE,none
Parser.java,org.apache.commons.cli.Parser,org.pitest.mutationtest.engine.gregor.mutators.NegateConditionalsMutator,parse,192,NO_COVERAGE,none
Parser.java,org.apache.commons.cli.Parser,org.pitest.mutationtest.engine.gregor.mutators.NegateConditionalsMutator,parse,208,NO_COVERAGE,none
Parser.java,org.apache.commons.cli.Parser,org.pitest.mutationtest.engine.gregor.mutators.NegateConditionalsMutator,parse,215,NO_COVERAGE,none
Parser.java,org.apache.commons.cli.Parser,org.pitest.mutationtest.engine.gregor.mutators.NegateConditionalsMutator,parse,217,NO_COVERAGE,none
Parser.java,org.apache.commons.cli.Parser,org.pitest.mutationtest.engine.gregor.mutators.NegateConditionalsMutator,parse,222,NO_COVERAGE,none
Parser.java,org.apache.commons.cli.Parser,org.pitest.mutationtest.engine.gregor.mutators.ReturnValsMutator,parse,233,NO_COVERAGE,none
Parser.java,org.apache.commons.cli.Parser,org.pitest.mutationtest.engine.gregor.mutators.VoidMethodCallMutator,parse,146,NO_COVERAGE,none
Parser.java,org.apache.commons.cli.Parser,org.pitest.mutationtest.engine.gregor.mutators.VoidMethodCallMutator,parse,150,NO_COVERAGE,none
Parser.java,org.apache.commons.cli.Parser,org.pitest.mutationtest.engine.gregor.mutators.VoidMethodCallMutator,parse,185,NO_COVERAGE,none
Parser.java,org.apache.commons.cli.Parser,org.pitest.mutationtest.engine.gregor.mutators.VoidMethodCallMutator,parse,195,NO_COVERAGE,none
Parser.java,org.apache.commons.cli.Parser,org.pitest.mutationtest.engine.gregor.mutators.VoidMethodCallMutator,parse,199,NO_COVERAGE,none
Parser.java,org.apache.commons.cli.Parser,org.pitest.mutationtest.engine.gregor.mutators.VoidMethodCallMutator,parse,206,NO_COVERAGE,none
Parser.java,org.apache.commons.cli.Parser,org.pitest.mutationtest.engine.gregor.mutators.VoidMethodCallMutator,parse,224,NO_COVERAGE,none
Parser.java,org.apache.commons.cli.Parser,org.pitest.mutationtest.engine.gregor.mutators.VoidMethodCallMutator,parse,230,NO_COVERAGE,none
Parser.java,org.apache.commons.cli.Parser,org.pitest.mutationtest.engine.gregor.mutators.VoidMethodCallMutator,parse,231,NO_COVERAGE,none
Parser.java,org.apache.commons.cli.Parser,org.pitest.mutationtest.engine.gregor.mutators.ReturnValsMutator,parse,119,NO_COVERAGE,none
Parser.java,org.apache.commons.cli.Parser,org.pitest.mutationtest.engine.gregor.mutators.NegateConditionalsMutator,processArgs,318,NO_COVERAGE,none
Parser.java,org.apache.commons.cli.Parser,org.pitest.mutationtest.engine.gregor.mutators.NegateConditionalsMutator,processArgs,323,NO_COVERAGE,none
Parser.java,org.apache.commons.cli.Parser,org.pitest.mutationtest.engine.gregor.mutators.NegateConditionalsMutator,processArgs,323,NO_COVERAGE,none
Parser.java,org.apache.commons.cli.Parser,org.pitest.mutationtest.engine.gregor.mutators.NegateConditionalsMutator,processArgs,341,NO_COVERAGE,none
Parser.java,org.apache.commons.cli.Parser,org.pitest.mutationtest.engine.gregor.mutators.NegateConditionalsMutator,processArgs,341,NO_COVERAGE,none
Parser.java,org.apache.commons.cli.Parser,org.pitest.mutationtest.engine.gregor.mutators.VoidMethodCallMutator,processArgs,332,NO_COVERAGE,none
Parser.java,org.apache.commons.cli.Parser,org.pitest.mutationtest.engine.gregor.mutators.NegateConditionalsMutator,processOption,361,NO_COVERAGE,none
Parser.java,org.apache.commons.cli.Parser,org.pitest.mutationtest.engine.gregor.mutators.NegateConditionalsMutator,processOption,371,NO_COVERAGE,none
Parser.java,org.apache.commons.cli.Parser,org.pitest.mutationtest.engine.gregor.mutators.NegateConditionalsMutator,processOption,378,NO_COVERAGE,none
Parser.java,org.apache.commons.cli.Parser,org.pitest.mutationtest.engine.gregor.mutators.NegateConditionalsMutator,processOption,382,NO_COVERAGE,none
Parser.java,org.apache.commons.cli.Parser,org.pitest.mutationtest.engine.gregor.mutators.NegateConditionalsMutator,processOption,391,NO_COVERAGE,none
Parser.java,org.apache.commons.cli.Parser,org.pitest.mutationtest.engine.gregor.mutators.VoidMethodCallMutator,processOption,387,NO_COVERAGE,none
Parser.java,org.apache.commons.cli.Parser,org.pitest.mutationtest.engine.gregor.mutators.VoidMethodCallMutator,processOption,393,NO_COVERAGE,none
Parser.java,org.apache.commons.cli.Parser,org.pitest.mutationtest.engine.gregor.mutators.VoidMethodCallMutator,processOption,397,NO_COVERAGE,none
Parser.java,org.apache.commons.cli.Parser,org.pitest.mutationtest.engine.gregor.mutators.NegateConditionalsMutator,processProperties,243,NO_COVERAGE,none
Parser.java,org.apache.commons.cli.Parser,org.pitest.mutationtest.engine.gregor.mutators.NegateConditionalsMutator,processProperties,248,NO_COVERAGE,none
Parser.java,org.apache.commons.cli.Parser,org.pitest.mutationtest.engine.gregor.mutators.NegateConditionalsMutator,processProperties,252,NO_COVERAGE,none
Parser.java,org.apache.commons.cli.Parser,org.pitest.mutationtest.engine.gregor.mutators.NegateConditionalsMutator,processProperties,259,NO_COVERAGE,none
Parser.java,org.apache.commons.cli.Parser,org.pitest.mutationtest.engine.gregor.mutators.NegateConditionalsMutator,processProperties,261,NO_COVERAGE,none
Parser.java,org.apache.commons.cli.Parser,org.pitest.mutationtest.engine.gregor.mutators.NegateConditionalsMutator,processProperties,261,NO_COVERAGE,none
Parser.java,org.apache.commons.cli.Parser,org.pitest.mutationtest.engine.gregor.mutators.NegateConditionalsMutator,processProperties,273,NO_COVERAGE,none
Parser.java,org.apache.commons.cli.Parser,org.pitest.mutationtest.engine.gregor.mutators.NegateConditionalsMutator,processProperties,274,NO_COVERAGE,none
Parser.java,org.apache.commons.cli.Parser,org.pitest.mutationtest.engine.gregor.mutators.NegateConditionalsMutator,processProperties,275,NO_COVERAGE,none
Parser.java,org.apache.commons.cli.Parser,org.pitest.mutationtest.engine.gregor.mutators.VoidMethodCallMutator,processProperties,265,NO_COVERAGE,none
Parser.java,org.apache.commons.cli.Parser,org.pitest.mutationtest.engine.gregor.mutators.VoidMethodCallMutator,processProperties,282,NO_COVERAGE,none
CommandLine.java,org.apache.commons.cli.CommandLine,org.pitest.mutationtest.engine.gregor.mutators.ReturnValsMutator,getArgList,314,NO_COVERAGE,none
CommandLine.java,org.apache.commons.cli.CommandLine,org.pitest.mutationtest.engine.gregor.mutators.ReturnValsMutator,getArgs,304,NO_COVERAGE,none
CommandLine.java,org.apache.commons.cli.CommandLine,org.pitest.mutationtest.engine.gregor.mutators.ReturnValsMutator,getOptionObject,133,NO_COVERAGE,none
CommandLine.java,org.apache.commons.cli.CommandLine,org.pitest.mutationtest.engine.gregor.mutators.ReturnValsMutator,getOptionObject,93,NO_COVERAGE,none
CommandLine.java,org.apache.commons.cli.CommandLine,org.pitest.mutationtest.engine.gregor.mutators.ReturnValsMutator,getOptionObject,97,NO_COVERAGE,none
CommandLine.java,org.apache.commons.cli.CommandLine,org.pitest.mutationtest.engine.gregor.mutators.VoidMethodCallMutator,getOptionObject,95,NO_COVERAGE,none
CommandLine.java,org.apache.commons.cli.CommandLine,org.pitest.mutationtest.engine.gregor.mutators.ConditionalsBoundaryMutator,getOptionProperties,277,NO_COVERAGE,none
CommandLine.java,org.apache.commons.cli.CommandLine,org.pitest.mutationtest.engine.gregor.mutators.NegateConditionalsMutator,getOptionProperties,270,NO_COVERAGE,none
CommandLine.java,org.apache.commons.cli.CommandLine,org.pitest.mutationtest.engine.gregor.mutators.NegateConditionalsMutator,getOptionProperties,274,NO_COVERAGE,none
CommandLine.java,org.apache.commons.cli.CommandLine,org.pitest.mutationtest.engine.gregor.mutators.NegateConditionalsMutator,getOptionProperties,274,NO_COVERAGE,none
CommandLine.java,org.apache.commons.cli.CommandLine,org.pitest.mutationtest.engine.gregor.mutators.NegateConditionalsMutator,getOptionProperties,277,NO_COVERAGE,none
CommandLine.java,org.apache.commons.cli.CommandLine,org.pitest.mutationtest.engine.gregor.mutators.NegateConditionalsMutator,getOptionProperties,282,NO_COVERAGE,none
CommandLine.java,org.apache.commons.cli.CommandLine,org.pitest.mutationtest.engine.gregor.mutators.ReturnValsMutator,getOptionProperties,290,NO_COVERAGE,none
CommandLine.java,org.apache.commons.cli.CommandLine,org.pitest.mutationtest.engine.gregor.mutators.ReturnValsMutator,getOptionValue,159,NO_COVERAGE,none
CommandLine.java,org.apache.commons.cli.CommandLine,org.pitest.mutationtest.engine.gregor.mutators.ReturnValsMutator,getOptionValue,250,NO_COVERAGE,none
CommandLine.java,org.apache.commons.cli.CommandLine,org.pitest.mutationtest.engine.gregor.mutators.NegateConditionalsMutator,getOptionValue,147,NO_COVERAGE,none
CommandLine.java,org.apache.commons.cli.CommandLine,org.pitest.mutationtest.engine.gregor.mutators.ReturnValsMutator,getOptionValue,147,NO_COVERAGE,none
CommandLine.java,org.apache.commons.cli.CommandLine,org.pitest.mutationtest.engine.gregor.mutators.NegateConditionalsMutator,getOptionValue,236,NO_COVERAGE,none
CommandLine.java,org.apache.commons.cli.CommandLine,org.pitest.mutationtest.engine.gregor.mutators.ReturnValsMutator,getOptionValue,236,NO_COVERAGE,none
CommandLine.java,org.apache.commons.cli.CommandLine,org.pitest.mutationtest.engine.gregor.mutators.ReturnValsMutator,getOptionValues,220,NO_COVERAGE,none
CommandLine.java,org.apache.commons.cli.CommandLine,org.pitest.mutationtest.engine.gregor.mutators.NegateConditionalsMutator,getOptionValues,173,NO_COVERAGE,none
CommandLine.java,org.apache.commons.cli.CommandLine,org.pitest.mutationtest.engine.gregor.mutators.NegateConditionalsMutator,getOptionValues,176,NO_COVERAGE,none
CommandLine.java,org.apache.commons.cli.CommandLine,org.pitest.mutationtest.engine.gregor.mutators.NegateConditionalsMutator,getOptionValues,176,NO_COVERAGE,none
CommandLine.java,org.apache.commons.cli.CommandLine,org.pitest.mutationtest.engine.gregor.mutators.NegateConditionalsMutator,getOptionValues,182,NO_COVERAGE,none
CommandLine.java,org.apache.commons.cli.CommandLine,org.pitest.mutationtest.engine.gregor.mutators.ReturnValsMutator,getOptionValues,182,NO_COVERAGE,none
CommandLine.java,org.apache.commons.cli.CommandLine,org.pitest.mutationtest.engine.gregor.mutators.ReturnValsMutator,getOptions,383,NO_COVERAGE,none
CommandLine.java,org.apache.commons.cli.CommandLine,org.pitest.mutationtest.engine.gregor.mutators.NegateConditionalsMutator,getParsedOptionValue,115,NO_COVERAGE,none
CommandLine.java,org.apache.commons.cli.CommandLine,org.pitest.mutationtest.engine.gregor.mutators.NegateConditionalsMutator,getParsedOptionValue,122,NO_COVERAGE,none
CommandLine.java,org.apache.commons.cli.CommandLine,org.pitest.mutationtest.engine.gregor.mutators.ReturnValsMutator,getParsedOptionValue,117,NO_COVERAGE,none
CommandLine.java,org.apache.commons.cli.CommandLine,org.pitest.mutationtest.engine.gregor.mutators.ReturnValsMutator,getParsedOptionValue,122,NO_COVERAGE,none
CommandLine.java,org.apache.commons.cli.CommandLine,org.pitest.mutationtest.engine.gregor.mutators.ReturnValsMutator,hasOption,80,NO_COVERAGE,none
CommandLine.java,org.apache.commons.cli.CommandLine,org.pitest.mutationtest.engine.gregor.mutators.ReturnValsMutator,hasOption,69,NO_COVERAGE,none
CommandLine.java,org.apache.commons.cli.CommandLine,org.pitest.mutationtest.engine.gregor.mutators.ReturnValsMutator,iterator,367,NO_COVERAGE,none
CommandLine.java,org.apache.commons.cli.CommandLine,org.pitest.mutationtest.engine.gregor.mutators.NegateConditionalsMutator,resolveOption,194,NO_COVERAGE,none
CommandLine.java,org.apache.commons.cli.CommandLine,org.pitest.mutationtest.engine.gregor.mutators.NegateConditionalsMutator,resolveOption,197,NO_COVERAGE,none
CommandLine.java,org.apache.commons.cli.CommandLine,org.pitest.mutationtest.engine.gregor.mutators.NegateConditionalsMutator,resolveOption,202,NO_COVERAGE,none
CommandLine.java,org.apache.commons.cli.CommandLine,org.pitest.mutationtest.engine.gregor.mutators.ReturnValsMutator,resolveOption,199,NO_COVERAGE,none
CommandLine.java,org.apache.commons.cli.CommandLine,org.pitest.mutationtest.engine.gregor.mutators.ReturnValsMutator,resolveOption,204,NO_COVERAGE,none
CommandLine.java,org.apache.commons.cli.CommandLine,org.pitest.mutationtest.engine.gregor.mutators.ReturnValsMutator,resolveOption,208,NO_COVERAGE,none
PosixParser.java,org.apache.commons.cli.PosixParser,org.pitest.mutationtest.engine.gregor.mutators.ConditionalsBoundaryMutator,burstToken,248,NO_COVERAGE,none
PosixParser.java,org.apache.commons.cli.PosixParser,org.pitest.mutationtest.engine.gregor.mutators.MathMutator,burstToken,257,NO_COVERAGE,none
PosixParser.java,org.apache.commons.cli.PosixParser,org.pitest.mutationtest.engine.gregor.mutators.MathMutator,burstToken,259,NO_COVERAGE,none
PosixParser.java,org.apache.commons.cli.PosixParser,org.pitest.mutationtest.engine.gregor.mutators.NegateConditionalsMutator,burstToken,248,NO_COVERAGE,none
PosixParser.java,org.apache.commons.cli.PosixParser,org.pitest.mutationtest.engine.gregor.mutators.NegateConditionalsMutator,burstToken,252,NO_COVERAGE,none
PosixParser.java,org.apache.commons.cli.PosixParser,org.pitest.mutationtest.engine.gregor.mutators.NegateConditionalsMutator,burstToken,257,NO_COVERAGE,none
PosixParser.java,org.apache.commons.cli.PosixParser,org.pitest.mutationtest.engine.gregor.mutators.NegateConditionalsMutator,burstToken,257,NO_COVERAGE,none
PosixParser.java,org.apache.commons.cli.PosixParser,org.pitest.mutationtest.engine.gregor.mutators.NegateConditionalsMutator,burstToken,264,NO_COVERAGE,none
PosixParser.java,org.apache.commons.cli.PosixParser,org.pitest.mutationtest.engine.gregor.mutators.VoidMethodCallMutator,burstToken,266,NO_COVERAGE,none
PosixParser.java,org.apache.commons.cli.PosixParser,org.pitest.mutationtest.engine.gregor.mutators.MathMutator,flatten,126,NO_COVERAGE,none
PosixParser.java,org.apache.commons.cli.PosixParser,org.pitest.mutationtest.engine.gregor.mutators.NegateConditionalsMutator,flatten,104,NO_COVERAGE,none
PosixParser.java,org.apache.commons.cli.PosixParser,org.pitest.mutationtest.engine.gregor.mutators.NegateConditionalsMutator,flatten,110,NO_COVERAGE,none
PosixParser.java,org.apache.commons.cli.PosixParser,org.pitest.mutationtest.engine.gregor.mutators.NegateConditionalsMutator,flatten,113,NO_COVERAGE,none
PosixParser.java,org.apache.commons.cli.PosixParser,org.pitest.mutationtest.engine.gregor.mutators.NegateConditionalsMutator,flatten,115,NO_COVERAGE,none
PosixParser.java,org.apache.commons.cli.PosixParser,org.pitest.mutationtest.engine.gregor.mutators.NegateConditionalsMutator,flatten,124,NO_COVERAGE,none
PosixParser.java,org.apache.commons.cli.PosixParser,org.pitest.mutationtest.engine.gregor.mutators.NegateConditionalsMutator,flatten,132,NO_COVERAGE,none
PosixParser.java,org.apache.commons.cli.PosixParser,org.pitest.mutationtest.engine.gregor.mutators.NegateConditionalsMutator,flatten,136,NO_COVERAGE,none
PosixParser.java,org.apache.commons.cli.PosixParser,org.pitest.mutationtest.engine.gregor.mutators.NegateConditionalsMutator,flatten,138,NO_COVERAGE,none
PosixParser.java,org.apache.commons.cli.PosixParser,org.pitest.mutationtest.engine.gregor.mutators.NegateConditionalsMutator,flatten,138,NO_COVERAGE,none
PosixParser.java,org.apache.commons.cli.PosixParser,org.pitest.mutationtest.engine.gregor.mutators.ReturnValsMutator,flatten,156,NO_COVERAGE,none
PosixParser.java,org.apache.commons.cli.PosixParser,org.pitest.mutationtest.engine.gregor.mutators.VoidMethodCallMutator,flatten,97,NO_COVERAGE,none
PosixParser.java,org.apache.commons.cli.PosixParser,org.pitest.mutationtest.engine.gregor.mutators.VoidMethodCallMutator,flatten,117,NO_COVERAGE,none
PosixParser.java,org.apache.commons.cli.PosixParser,org.pitest.mutationtest.engine.gregor.mutators.VoidMethodCallMutator,flatten,140,NO_COVERAGE,none
PosixParser.java,org.apache.commons.cli.PosixParser,org.pitest.mutationtest.engine.gregor.mutators.VoidMethodCallMutator,flatten,145,NO_COVERAGE,none
PosixParser.java,org.apache.commons.cli.PosixParser,org.pitest.mutationtest.engine.gregor.mutators.VoidMethodCallMutator,flatten,150,NO_COVERAGE,none
PosixParser.java,org.apache.commons.cli.PosixParser,org.pitest.mutationtest.engine.gregor.mutators.VoidMethodCallMutator,flatten,153,NO_COVERAGE,none
PosixParser.java,org.apache.commons.cli.PosixParser,org.pitest.mutationtest.engine.gregor.mutators.NegateConditionalsMutator,gobble,166,NO_COVERAGE,none
PosixParser.java,org.apache.commons.cli.PosixParser,org.pitest.mutationtest.engine.gregor.mutators.NegateConditionalsMutator,gobble,168,NO_COVERAGE,none
PosixParser.java,org.apache.commons.cli.PosixParser,org.pitest.mutationtest.engine.gregor.mutators.VoidMethodCallMutator,init,54,NO_COVERAGE,none
PosixParser.java,org.apache.commons.cli.PosixParser,org.pitest.mutationtest.engine.gregor.mutators.NegateConditionalsMutator,processNonOptionToken,184,NO_COVERAGE,none
PosixParser.java,org.apache.commons.cli.PosixParser,org.pitest.mutationtest.engine.gregor.mutators.NegateConditionalsMutator,processNonOptionToken,184,NO_COVERAGE,none
PosixParser.java,org.apache.commons.cli.PosixParser,org.pitest.mutationtest.engine.gregor.mutators.NegateConditionalsMutator,processNonOptionToken,184,NO_COVERAGE,none
PosixParser.java,org.apache.commons.cli.PosixParser,org.pitest.mutationtest.engine.gregor.mutators.NegateConditionalsMutator,processOptionToken,207,NO_COVERAGE,none
PosixParser.java,org.apache.commons.cli.PosixParser,org.pitest.mutationtest.engine.gregor.mutators.NegateConditionalsMutator,processOptionToken,207,NO_COVERAGE,none
PosixParser.java,org.apache.commons.cli.PosixParser,org.pitest.mutationtest.engine.gregor.mutators.NegateConditionalsMutator,processOptionToken,212,NO_COVERAGE,none
PatternOptionBuilder.java,org.apache.commons.cli.PatternOptionBuilder,org.pitest.mutationtest.engine.gregor.mutators.ReturnValsMutator,getValueClass,99,NO_COVERAGE,none
PatternOptionBuilder.java,org.apache.commons.cli.PatternOptionBuilder,org.pitest.mutationtest.engine.gregor.mutators.ReturnValsMutator,getValueClass,101,NO_COVERAGE,none
PatternOptionBuilder.java,org.apache.commons.cli.PatternOptionBuilder,org.pitest.mutationtest.engine.gregor.mutators.ReturnValsMutator,getValueClass,103,NO_COVERAGE,none
PatternOptionBuilder.java,org.apache.commons.cli.PatternOptionBuilder,org.pitest.mutationtest.engine.gregor.mutators.ReturnValsMutator,getValueClass,105,NO_COVERAGE,none
PatternOptionBuilder.java,org.apache.commons.cli.PatternOptionBuilder,org.pitest.mutationtest.engine.gregor.mutators.ReturnValsMutator,getValueClass,107,NO_COVERAGE,none
PatternOptionBuilder.java,org.apache.commons.cli.PatternOptionBuilder,org.pitest.mutationtest.engine.gregor.mutators.ReturnValsMutator,getValueClass,109,NO_COVERAGE,none
PatternOptionBuilder.java,org.apache.commons.cli.PatternOptionBuilder,org.pitest.mutationtest.engine.gregor.mutators.ReturnValsMutator,getValueClass,111,NO_COVERAGE,none
PatternOptionBuilder.java,org.apache.commons.cli.PatternOptionBuilder,org.pitest.mutationtest.engine.gregor.mutators.ReturnValsMutator,getValueClass,113,NO_COVERAGE,none
PatternOptionBuilder.java,org.apache.commons.cli.PatternOptionBuilder,org.pitest.mutationtest.engine.gregor.mutators.ReturnValsMutator,getValueClass,115,NO_COVERAGE,none
PatternOptionBuilder.java,org.apache.commons.cli.PatternOptionBuilder,org.pitest.mutationtest.engine.gregor.mutators.ReturnValsMutator,getValueClass,118,NO_COVERAGE,none
PatternOptionBuilder.java,org.apache.commons.cli.PatternOptionBuilder,org.pitest.mutationtest.engine.gregor.mutators.NegateConditionalsMutator,isValueCode,130,NO_COVERAGE,none
PatternOptionBuilder.java,org.apache.commons.cli.PatternOptionBuilder,org.pitest.mutationtest.engine.gregor.mutators.NegateConditionalsMutator,isValueCode,130,NO_COVERAGE,none
PatternOptionBuilder.java,org.apache.commons.cli.PatternOptionBuilder,org.pitest.mutationtest.engine.gregor.mutators.NegateConditionalsMutator,isValueCode,130,NO_COVERAGE,none
PatternOptionBuilder.java,org.apache.commons.cli.PatternOptionBuilder,org.pitest.mutationtest.engine.gregor.mutators.NegateConditionalsMutator,isValueCode,130,NO_COVERAGE,none
PatternOptionBuilder.java,org.apache.commons.cli.PatternOptionBuilder,org.pitest.mutationtest.engine.gregor.mutators.NegateConditionalsMutator,isValueCode,130,NO_COVERAGE,none
PatternOptionBuilder.java,org.apache.commons.cli.PatternOptionBuilder,org.pitest.mutationtest.engine.gregor.mutators.NegateConditionalsMutator,isValueCode,130,NO_COVERAGE,none
PatternOptionBuilder.java,org.apache.commons.cli.PatternOptionBuilder,org.pitest.mutationtest.engine.gregor.mutators.NegateConditionalsMutator,isValueCode,130,NO_COVERAGE,none
PatternOptionBuilder.java,org.apache.commons.cli.PatternOptionBuilder,org.pitest.mutationtest.engine.gregor.mutators.NegateConditionalsMutator,isValueCode,130,NO_COVERAGE,none
PatternOptionBuilder.java,org.apache.commons.cli.PatternOptionBuilder,org.pitest.mutationtest.engine.gregor.mutators.NegateConditionalsMutator,isValueCode,130,NO_COVERAGE,none
PatternOptionBuilder.java,org.apache.commons.cli.PatternOptionBuilder,org.pitest.mutationtest.engine.gregor.mutators.NegateConditionalsMutator,isValueCode,130,NO_COVERAGE,none
PatternOptionBuilder.java,org.apache.commons.cli.PatternOptionBuilder,org.pitest.mutationtest.engine.gregor.mutators.ReturnValsMutator,isValueCode,130,NO_COVERAGE,none
PatternOptionBuilder.java,org.apache.commons.cli.PatternOptionBuilder,org.pitest.mutationtest.engine.gregor.mutators.ConditionalsBoundaryMutator,parsePattern,156,NO_COVERAGE,none
PatternOptionBuilder.java,org.apache.commons.cli.PatternOptionBuilder,org.pitest.mutationtest.engine.gregor.mutators.IncrementsMutator,parsePattern,156,NO_COVERAGE,none
PatternOptionBuilder.java,org.apache.commons.cli.PatternOptionBuilder,org.pitest.mutationtest.engine.gregor.mutators.NegateConditionalsMutator,parsePattern,156,NO_COVERAGE,none
PatternOptionBuilder.java,org.apache.commons.cli.PatternOptionBuilder,org.pitest.mutationtest.engine.gregor.mutators.NegateConditionalsMutator,parsePattern,162,NO_COVERAGE,none
PatternOptionBuilder.java,org.apache.commons.cli.PatternOptionBuilder,org.pitest.mutationtest.engine.gregor.mutators.NegateConditionalsMutator,parsePattern,164,NO_COVERAGE,none
PatternOptionBuilder.java,org.apache.commons.cli.PatternOptionBuilder,org.pitest.mutationtest.engine.gregor.mutators.NegateConditionalsMutator,parsePattern,166,NO_COVERAGE,none
PatternOptionBuilder.java,org.apache.commons.cli.PatternOptionBuilder,org.pitest.mutationtest.engine.gregor.mutators.NegateConditionalsMutator,parsePattern,179,NO_COVERAGE,none
PatternOptionBuilder.java,org.apache.commons.cli.PatternOptionBuilder,org.pitest.mutationtest.engine.gregor.mutators.NegateConditionalsMutator,parsePattern,189,NO_COVERAGE,none
PatternOptionBuilder.java,org.apache.commons.cli.PatternOptionBuilder,org.pitest.mutationtest.engine.gregor.mutators.NegateConditionalsMutator,parsePattern,191,NO_COVERAGE,none
PatternOptionBuilder.java,org.apache.commons.cli.PatternOptionBuilder,org.pitest.mutationtest.engine.gregor.mutators.ReturnValsMutator,parsePattern,199,NO_COVERAGE,none
OptionBuilder.java,org.apache.commons.cli.OptionBuilder,org.pitest.mutationtest.engine.gregor.mutators.NegateConditionalsMutator,create,327,NO_COVERAGE,none
OptionBuilder.java,org.apache.commons.cli.OptionBuilder,org.pitest.mutationtest.engine.gregor.mutators.ReturnValsMutator,create,333,NO_COVERAGE,none
OptionBuilder.java,org.apache.commons.cli.OptionBuilder,org.pitest.mutationtest.engine.gregor.mutators.VoidMethodCallMutator,create,329,NO_COVERAGE,none
OptionBuilder.java,org.apache.commons.cli.OptionBuilder,org.pitest.mutationtest.engine.gregor.mutators.ReturnValsMutator,create,316,NO_COVERAGE,none
OptionBuilder.java,org.apache.commons.cli.OptionBuilder,org.pitest.mutationtest.engine.gregor.mutators.ReturnValsMutator,create,367,NO_COVERAGE,none
OptionBuilder.java,org.apache.commons.cli.OptionBuilder,org.pitest.mutationtest.engine.gregor.mutators.VoidMethodCallMutator,create,354,NO_COVERAGE,none
OptionBuilder.java,org.apache.commons.cli.OptionBuilder,org.pitest.mutationtest.engine.gregor.mutators.VoidMethodCallMutator,create,355,NO_COVERAGE,none
OptionBuilder.java,org.apache.commons.cli.OptionBuilder,org.pitest.mutationtest.engine.gregor.mutators.VoidMethodCallMutator,create,356,NO_COVERAGE,none
OptionBuilder.java,org.apache.commons.cli.OptionBuilder,org.pitest.mutationtest.engine.gregor.mutators.VoidMethodCallMutator,create,357,NO_COVERAGE,none
OptionBuilder.java,org.apache.commons.cli.OptionBuilder,org.pitest.mutationtest.engine.gregor.mutators.VoidMethodCallMutator,create,358,NO_COVERAGE,none
OptionBuilder.java,org.apache.commons.cli.OptionBuilder,org.pitest.mutationtest.engine.gregor.mutators.VoidMethodCallMutator,create,359,NO_COVERAGE,none
OptionBuilder.java,org.apache.commons.cli.OptionBuilder,org.pitest.mutationtest.engine.gregor.mutators.VoidMethodCallMutator,create,360,NO_COVERAGE,none
OptionBuilder.java,org.apache.commons.cli.OptionBuilder,org.pitest.mutationtest.engine.gregor.mutators.VoidMethodCallMutator,create,363,NO_COVERAGE,none
OptionBuilder.java,org.apache.commons.cli.OptionBuilder,org.pitest.mutationtest.engine.gregor.mutators.ReturnValsMutator,hasArg,108,NO_COVERAGE,none
OptionBuilder.java,org.apache.commons.cli.OptionBuilder,org.pitest.mutationtest.engine.gregor.mutators.NegateConditionalsMutator,hasArg,120,NO_COVERAGE,none
OptionBuilder.java,org.apache.commons.cli.OptionBuilder,org.pitest.mutationtest.engine.gregor.mutators.ReturnValsMutator,hasArg,122,NO_COVERAGE,none
OptionBuilder.java,org.apache.commons.cli.OptionBuilder,org.pitest.mutationtest.engine.gregor.mutators.ReturnValsMutator,hasArgs,221,NO_COVERAGE,none
OptionBuilder.java,org.apache.commons.cli.OptionBuilder,org.pitest.mutationtest.engine.gregor.mutators.ReturnValsMutator,hasArgs,234,NO_COVERAGE,none
OptionBuilder.java,org.apache.commons.cli.OptionBuilder,org.pitest.mutationtest.engine.gregor.mutators.ReturnValsMutator,hasOptionalArg,247,NO_COVERAGE,none
OptionBuilder.java,org.apache.commons.cli.OptionBuilder,org.pitest.mutationtest.engine.gregor.mutators.ReturnValsMutator,hasOptionalArgs,260,NO_COVERAGE,none
OptionBuilder.java,org.apache.commons.cli.OptionBuilder,org.pitest.mutationtest.engine.gregor.mutators.ReturnValsMutator,hasOptionalArgs,275,NO_COVERAGE,none
OptionBuilder.java,org.apache.commons.cli.OptionBuilder,org.pitest.mutationtest.engine.gregor.mutators.ReturnValsMutator,isRequired,147,NO_COVERAGE,none
OptionBuilder.java,org.apache.commons.cli.OptionBuilder,org.pitest.mutationtest.engine.gregor.mutators.ReturnValsMutator,isRequired,209,NO_COVERAGE,none
OptionBuilder.java,org.apache.commons.cli.OptionBuilder,org.pitest.mutationtest.engine.gregor.mutators.ReturnValsMutator,withArgName,135,NO_COVERAGE,none
OptionBuilder.java,org.apache.commons.cli.OptionBuilder,org.pitest.mutationtest.engine.gregor.mutators.ReturnValsMutator,withDescription,302,NO_COVERAGE,none
OptionBuilder.java,org.apache.commons.cli.OptionBuilder,org.pitest.mutationtest.engine.gregor.mutators.ReturnValsMutator,withLongOpt,96,NO_COVERAGE,none
OptionBuilder.java,org.apache.commons.cli.OptionBuilder,org.pitest.mutationtest.engine.gregor.mutators.ReturnValsMutator,withType,289,NO_COVERAGE,none
OptionBuilder.java,org.apache.commons.cli.OptionBuilder,org.pitest.mutationtest.engine.gregor.mutators.ReturnValsMutator,withValueSeparator,195,NO_COVERAGE,none
OptionBuilder.java,org.apache.commons.cli.OptionBuilder,org.pitest.mutationtest.engine.gregor.mutators.ReturnValsMutator,withValueSeparator,172,NO_COVERAGE,none
TypeHandler.java,org.apache.commons.cli.TypeHandler,org.pitest.mutationtest.engine.gregor.mutators.ReturnValsMutator,createClass,180,NO_COVERAGE,none
TypeHandler.java,org.apache.commons.cli.TypeHandler,org.pitest.mutationtest.engine.gregor.mutators.ReturnValsMutator,createFile,230,NO_COVERAGE,none
TypeHandler.java,org.apache.commons.cli.TypeHandler,org.pitest.mutationtest.engine.gregor.mutators.NegateConditionalsMutator,createNumber,154,NO_COVERAGE,none
TypeHandler.java,org.apache.commons.cli.TypeHandler,org.pitest.mutationtest.engine.gregor.mutators.ReturnValsMutator,createNumber,156,NO_COVERAGE,none
TypeHandler.java,org.apache.commons.cli.TypeHandler,org.pitest.mutationtest.engine.gregor.mutators.ReturnValsMutator,createNumber,160,NO_COVERAGE,none
TypeHandler.java,org.apache.commons.cli.TypeHandler,org.pitest.mutationtest.engine.gregor.mutators.ReturnValsMutator,createObject,138,NO_COVERAGE,none
TypeHandler.java,org.apache.commons.cli.TypeHandler,org.pitest.mutationtest.engine.gregor.mutators.ReturnValsMutator,createURL,213,NO_COVERAGE,none
TypeHandler.java,org.apache.commons.cli.TypeHandler,org.pitest.mutationtest.engine.gregor.mutators.NegateConditionalsMutator,createValue,64,NO_COVERAGE,none
TypeHandler.java,org.apache.commons.cli.TypeHandler,org.pitest.mutationtest.engine.gregor.mutators.NegateConditionalsMutator,createValue,68,NO_COVERAGE,none
TypeHandler.java,org.apache.commons.cli.TypeHandler,org.pitest.mutationtest.engine.gregor.mutators.NegateConditionalsMutator,createValue,72,NO_COVERAGE,none
TypeHandler.java,org.apache.commons.cli.TypeHandler,org.pitest.mutationtest.engine.gregor.mutators.NegateConditionalsMutator,createValue,76,NO_COVERAGE,none
TypeHandler.java,org.apache.commons.cli.TypeHandler,org.pitest.mutationtest.engine.gregor.mutators.NegateConditionalsMutator,createValue,80,NO_COVERAGE,none
TypeHandler.java,org.apache.commons.cli.TypeHandler,org.pitest.mutationtest.engine.gregor.mutators.NegateConditionalsMutator,createValue,84,NO_COVERAGE,none
TypeHandler.java,org.apache.commons.cli.TypeHandler,org.pitest.mutationtest.engine.gregor.mutators.NegateConditionalsMutator,createValue,88,NO_COVERAGE,none
TypeHandler.java,org.apache.commons.cli.TypeHandler,org.pitest.mutationtest.engine.gregor.mutators.NegateConditionalsMutator,createValue,92,NO_COVERAGE,none
TypeHandler.java,org.apache.commons.cli.TypeHandler,org.pitest.mutationtest.engine.gregor.mutators.NegateConditionalsMutator,createValue,96,NO_COVERAGE,none
TypeHandler.java,org.apache.commons.cli.TypeHandler,org.pitest.mutationtest.engine.gregor.mutators.ReturnValsMutator,createValue,66,NO_COVERAGE,none
TypeHandler.java,org.apache.commons.cli.TypeHandler,org.pitest.mutationtest.engine.gregor.mutators.ReturnValsMutator,createValue,70,NO_COVERAGE,none
TypeHandler.java,org.apache.commons.cli.TypeHandler,org.pitest.mutationtest.engine.gregor.mutators.ReturnValsMutator,createValue,74,NO_COVERAGE,none
TypeHandler.java,org.apache.commons.cli.TypeHandler,org.pitest.mutationtest.engine.gregor.mutators.ReturnValsMutator,createValue,78,NO_COVERAGE,none
TypeHandler.java,org.apache.commons.cli.TypeHandler,org.pitest.mutationtest.engine.gregor.mutators.ReturnValsMutator,createValue,82,NO_COVERAGE,none
TypeHandler.java,org.apache.commons.cli.TypeHandler,org.pitest.mutationtest.engine.gregor.mutators.ReturnValsMutator,createValue,86,NO_COVERAGE,none
TypeHandler.java,org.apache.commons.cli.TypeHandler,org.pitest.mutationtest.engine.gregor.mutators.ReturnValsMutator,createValue,90,NO_COVERAGE,none
TypeHandler.java,org.apache.commons.cli.TypeHandler,org.pitest.mutationtest.engine.gregor.mutators.ReturnValsMutator,createValue,94,NO_COVERAGE,none
TypeHandler.java,org.apache.commons.cli.TypeHandler,org.pitest.mutationtest.engine.gregor.mutators.ReturnValsMutator,createValue,98,NO_COVERAGE,none
TypeHandler.java,org.apache.commons.cli.TypeHandler,org.pitest.mutationtest.engine.gregor.mutators.ReturnValsMutator,createValue,102,NO_COVERAGE,none
TypeHandler.java,org.apache.commons.cli.TypeHandler,org.pitest.mutationtest.engine.gregor.mutators.ReturnValsMutator,createValue,49,NO_COVERAGE,none
Options.java,org.apache.commons.cli.Options,org.pitest.mutationtest.engine.gregor.mutators.ReturnValsMutator,addOption,133,NO_COVERAGE,none
Options.java,org.apache.commons.cli.Options,org.pitest.mutationtest.engine.gregor.mutators.ReturnValsMutator,addOption,116,NO_COVERAGE,none
Options.java,org.apache.commons.cli.Options,org.pitest.mutationtest.engine.gregor.mutators.NegateConditionalsMutator,addOption,147,NO_COVERAGE,none
Options.java,org.apache.commons.cli.Options,org.pitest.mutationtest.engine.gregor.mutators.NegateConditionalsMutator,addOption,153,NO_COVERAGE,none
Options.java,org.apache.commons.cli.Options,org.pitest.mutationtest.engine.gregor.mutators.NegateConditionalsMutator,addOption,155,NO_COVERAGE,none
Options.java,org.apache.commons.cli.Options,org.pitest.mutationtest.engine.gregor.mutators.ReturnValsMutator,addOption,164,NO_COVERAGE,none
Options.java,org.apache.commons.cli.Options,org.pitest.mutationtest.engine.gregor.mutators.NegateConditionalsMutator,addOptionGroup,72,NO_COVERAGE,none
Options.java,org.apache.commons.cli.Options,org.pitest.mutationtest.engine.gregor.mutators.NegateConditionalsMutator,addOptionGroup,77,NO_COVERAGE,none
Options.java,org.apache.commons.cli.Options,org.pitest.mutationtest.engine.gregor.mutators.ReturnValsMutator,addOptionGroup,90,NO_COVERAGE,none
Options.java,org.apache.commons.cli.Options,org.pitest.mutationtest.engine.gregor.mutators.VoidMethodCallMutator,addOptionGroup,84,NO_COVERAGE,none
Options.java,org.apache.commons.cli.Options,org.pitest.mutationtest.engine.gregor.mutators.NegateConditionalsMutator,getOption,208,NO_COVERAGE,none
Options.java,org.apache.commons.cli.Options,org.pitest.mutationtest.engine.gregor.mutators.ReturnValsMutator,getOption,210,NO_COVERAGE,none
Options.java,org.apache.commons.cli.Options,org.pitest.mutationtest.engine.gregor.mutators.ReturnValsMutator,getOption,213,NO_COVERAGE,none
Options.java,org.apache.commons.cli.Options,org.pitest.mutationtest.engine.gregor.mutators.ReturnValsMutator,getOptionGroup,239,NO_COVERAGE,none
Options.java,org.apache.commons.cli.Options,org.pitest.mutationtest.engine.gregor.mutators.ReturnValsMutator,getOptionGroups,100,NO_COVERAGE,none
Options.java,org.apache.commons.cli.Options,org.pitest.mutationtest.engine.gregor.mutators.ReturnValsMutator,getOptions,174,NO_COVERAGE,none
Options.java,org.apache.commons.cli.Options,org.pitest.mutationtest.engine.gregor.mutators.ReturnValsMutator,getRequiredOptions,194,NO_COVERAGE,none
Options.java,org.apache.commons.cli.Options,org.pitest.mutationtest.engine.gregor.mutators.NegateConditionalsMutator,hasOption,227,NO_COVERAGE,none
Options.java,org.apache.commons.cli.Options,org.pitest.mutationtest.engine.gregor.mutators.NegateConditionalsMutator,hasOption,227,NO_COVERAGE,none
Options.java,org.apache.commons.cli.Options,org.pitest.mutationtest.engine.gregor.mutators.ReturnValsMutator,hasOption,227,NO_COVERAGE,none
Options.java,org.apache.commons.cli.Options,org.pitest.mutationtest.engine.gregor.mutators.ReturnValsMutator,helpOptions,184,NO_COVERAGE,none
Options.java,org.apache.commons.cli.Options,org.pitest.mutationtest.engine.gregor.mutators.ReturnValsMutator,toString,257,NO_COVERAGE,none
GnuParser.java,org.apache.commons.cli.GnuParser,org.pitest.mutationtest.engine.gregor.mutators.ConditionalsBoundaryMutator,flatten,55,NO_COVERAGE,none
GnuParser.java,org.apache.commons.cli.GnuParser,org.pitest.mutationtest.engine.gregor.mutators.ConditionalsBoundaryMutator,flatten,104,NO_COVERAGE,none
GnuParser.java,org.apache.commons.cli.GnuParser,org.pitest.mutationtest.engine.gregor.mutators.IncrementsMutator,flatten,104,NO_COVERAGE,none
GnuParser.java,org.apache.commons.cli.GnuParser,org.pitest.mutationtest.engine.gregor.mutators.IncrementsMutator,flatten,104,NO_COVERAGE,none
GnuParser.java,org.apache.commons.cli.GnuParser,org.pitest.mutationtest.engine.gregor.mutators.IncrementsMutator,flatten,55,NO_COVERAGE,none
GnuParser.java,org.apache.commons.cli.GnuParser,org.pitest.mutationtest.engine.gregor.mutators.MathMutator,flatten,82,NO_COVERAGE,none
GnuParser.java,org.apache.commons.cli.GnuParser,org.pitest.mutationtest.engine.gregor.mutators.NegateConditionalsMutator,flatten,55,NO_COVERAGE,none
GnuParser.java,org.apache.commons.cli.GnuParser,org.pitest.mutationtest.engine.gregor.mutators.NegateConditionalsMutator,flatten,59,NO_COVERAGE,none
GnuParser.java,org.apache.commons.cli.GnuParser,org.pitest.mutationtest.engine.gregor.mutators.NegateConditionalsMutator,flatten,64,NO_COVERAGE,none
GnuParser.java,org.apache.commons.cli.GnuParser,org.pitest.mutationtest.engine.gregor.mutators.NegateConditionalsMutator,flatten,68,NO_COVERAGE,none
GnuParser.java,org.apache.commons.cli.GnuParser,org.pitest.mutationtest.engine.gregor.mutators.NegateConditionalsMutator,flatten,72,NO_COVERAGE,none
GnuParser.java,org.apache.commons.cli.GnuParser,org.pitest.mutationtest.engine.gregor.mutators.NegateConditionalsMutator,flatten,78,NO_COVERAGE,none
GnuParser.java,org.apache.commons.cli.GnuParser,org.pitest.mutationtest.engine.gregor.mutators.NegateConditionalsMutator,flatten,78,NO_COVERAGE,none
GnuParser.java,org.apache.commons.cli.GnuParser,org.pitest.mutationtest.engine.gregor.mutators.NegateConditionalsMutator,flatten,84,NO_COVERAGE,none
GnuParser.java,org.apache.commons.cli.GnuParser,org.pitest.mutationtest.engine.gregor.mutators.NegateConditionalsMutator,flatten,102,NO_COVERAGE,none
GnuParser.java,org.apache.commons.cli.GnuParser,org.pitest.mutationtest.engine.gregor.mutators.NegateConditionalsMutator,flatten,104,NO_COVERAGE,none
GnuParser.java,org.apache.commons.cli.GnuParser,org.pitest.mutationtest.engine.gregor.mutators.ReturnValsMutator,flatten,111,NO_COVERAGE,none
OptionValidator.java,org.apache.commons.cli.OptionValidator,org.pitest.mutationtest.engine.gregor.mutators.ReturnValsMutator,isValidChar,99,NO_COVERAGE,none
OptionValidator.java,org.apache.commons.cli.OptionValidator,org.pitest.mutationtest.engine.gregor.mutators.NegateConditionalsMutator,isValidOpt,88,NO_COVERAGE,none
OptionValidator.java,org.apache.commons.cli.OptionValidator,org.pitest.mutationtest.engine.gregor.mutators.NegateConditionalsMutator,isValidOpt,88,NO_COVERAGE,none
OptionValidator.java,org.apache.commons.cli.OptionValidator,org.pitest.mutationtest.engine.gregor.mutators.NegateConditionalsMutator,isValidOpt,88,NO_COVERAGE,none
OptionValidator.java,org.apache.commons.cli.OptionValidator,org.pitest.mutationtest.engine.gregor.mutators.NegateConditionalsMutator,isValidOpt,88,NO_COVERAGE,none
OptionValidator.java,org.apache.commons.cli.OptionValidator,org.pitest.mutationtest.engine.gregor.mutators.ReturnValsMutator,isValidOpt,88,NO_COVERAGE,none
OptionValidator.java,org.apache.commons.cli.OptionValidator,org.pitest.mutationtest.engine.gregor.mutators.ConditionalsBoundaryMutator,validateOption,69,NO_COVERAGE,none
OptionValidator.java,org.apache.commons.cli.OptionValidator,org.pitest.mutationtest.engine.gregor.mutators.NegateConditionalsMutator,validateOption,48,NO_COVERAGE,none
OptionValidator.java,org.apache.commons.cli.OptionValidator,org.pitest.mutationtest.engine.gregor.mutators.NegateConditionalsMutator,validateOption,54,NO_COVERAGE,none
OptionValidator.java,org.apache.commons.cli.OptionValidator,org.pitest.mutationtest.engine.gregor.mutators.NegateConditionalsMutator,validateOption,58,NO_COVERAGE,none
OptionValidator.java,org.apache.commons.cli.OptionValidator,org.pitest.mutationtest.engine.gregor.mutators.NegateConditionalsMutator,validateOption,69,NO_COVERAGE,none
OptionValidator.java,org.apache.commons.cli.OptionValidator,org.pitest.mutationtest.engine.gregor.mutators.NegateConditionalsMutator,validateOption,71,NO_COVERAGE,none
OptionGroup.java,org.apache.commons.cli.OptionGroup,org.pitest.mutationtest.engine.gregor.mutators.ReturnValsMutator,addOption,57,NO_COVERAGE,none
OptionGroup.java,org.apache.commons.cli.OptionGroup,org.pitest.mutationtest.engine.gregor.mutators.ReturnValsMutator,getNames,67,NO_COVERAGE,none
OptionGroup.java,org.apache.commons.cli.OptionGroup,org.pitest.mutationtest.engine.gregor.mutators.ReturnValsMutator,getOptions,76,NO_COVERAGE,none
OptionGroup.java,org.apache.commons.cli.OptionGroup,org.pitest.mutationtest.engine.gregor.mutators.ReturnValsMutator,getSelected,106,NO_COVERAGE,none
OptionGroup.java,org.apache.commons.cli.OptionGroup,org.pitest.mutationtest.engine.gregor.mutators.ReturnValsMutator,isRequired,124,NO_COVERAGE,none
OptionGroup.java,org.apache.commons.cli.OptionGroup,org.pitest.mutationtest.engine.gregor.mutators.NegateConditionalsMutator,setSelected,91,NO_COVERAGE,none
OptionGroup.java,org.apache.commons.cli.OptionGroup,org.pitest.mutationtest.engine.gregor.mutators.NegateConditionalsMutator,setSelected,91,NO_COVERAGE,none
OptionGroup.java,org.apache.commons.cli.OptionGroup,org.pitest.mutationtest.engine.gregor.mutators.NegateConditionalsMutator,toString,140,NO_COVERAGE,none
OptionGroup.java,org.apache.commons.cli.OptionGroup,org.pitest.mutationtest.engine.gregor.mutators.NegateConditionalsMutator,toString,144,NO_COVERAGE,none
OptionGroup.java,org.apache.commons.cli.OptionGroup,org.pitest.mutationtest.engine.gregor.mutators.NegateConditionalsMutator,toString,158,NO_COVERAGE,none
OptionGroup.java,org.apache.commons.cli.OptionGroup,org.pitest.mutationtest.engine.gregor.mutators.ReturnValsMutator,toString,166,NO_COVERAGE,none
Util.java,org.apache.commons.cli.Util,org.pitest.mutationtest.engine.gregor.mutators.MathMutator,stripLeadingAndTrailingQuotes,71,NO_COVERAGE,none
Util.java,org.apache.commons.cli.Util,org.pitest.mutationtest.engine.gregor.mutators.NegateConditionalsMutator,stripLeadingAndTrailingQuotes,65,NO_COVERAGE,none
Util.java,org.apache.commons.cli.Util,org.pitest.mutationtest.engine.gregor.mutators.NegateConditionalsMutator,stripLeadingAndTrailingQuotes,69,NO_COVERAGE,none
Util.java,org.apache.commons.cli.Util,org.pitest.mutationtest.engine.gregor.mutators.ReturnValsMutator,stripLeadingAndTrailingQuotes,73,NO_COVERAGE,none
Util.java,org.apache.commons.cli.Util,org.pitest.mutationtest.engine.gregor.mutators.NegateConditionalsMutator,stripLeadingHyphens,38,NO_COVERAGE,none
Util.java,org.apache.commons.cli.Util,org.pitest.mutationtest.engine.gregor.mutators.NegateConditionalsMutator,stripLeadingHyphens,42,NO_COVERAGE,none
Util.java,org.apache.commons.cli.Util,org.pitest.mutationtest.engine.gregor.mutators.NegateConditionalsMutator,stripLeadingHyphens,46,NO_COVERAGE,none
Util.java,org.apache.commons.cli.Util,org.pitest.mutationtest.engine.gregor.mutators.ReturnValsMutator,stripLeadingHyphens,40,NO_COVERAGE,none
Util.java,org.apache.commons.cli.Util,org.pitest.mutationtest.engine.gregor.mutators.ReturnValsMutator,stripLeadingHyphens,44,NO_COVERAGE,none
Util.java,org.apache.commons.cli.Util,org.pitest.mutationtest.engine.gregor.mutators.ReturnValsMutator,stripLeadingHyphens,48,NO_COVERAGE,none
Util.java,org.apache.commons.cli.Util,org.pitest.mutationtest.engine.gregor.mutators.ReturnValsMutator,stripLeadingHyphens,51,NO_COVERAGE,none
MissingOptionException.java,org.apache.commons.cli.MissingOptionException,org.pitest.mutationtest.engine.gregor.mutators.NegateConditionalsMutator,createMessage,78,NO_COVERAGE,none
MissingOptionException.java,org.apache.commons.cli.MissingOptionException,org.pitest.mutationtest.engine.gregor.mutators.NegateConditionalsMutator,createMessage,82,NO_COVERAGE,none
MissingOptionException.java,org.apache.commons.cli.MissingOptionException,org.pitest.mutationtest.engine.gregor.mutators.NegateConditionalsMutator,createMessage,85,NO_COVERAGE,none
MissingOptionException.java,org.apache.commons.cli.MissingOptionException,org.pitest.mutationtest.engine.gregor.mutators.ReturnValsMutator,createMessage,91,NO_COVERAGE,none
MissingOptionException.java,org.apache.commons.cli.MissingOptionException,org.pitest.mutationtest.engine.gregor.mutators.ReturnValsMutator,getMissingOptions,66,NO_COVERAGE,none
AlreadySelectedException.java,org.apache.commons.cli.AlreadySelectedException,org.pitest.mutationtest.engine.gregor.mutators.ReturnValsMutator,getOption,81,NO_COVERAGE,none
AlreadySelectedException.java,org.apache.commons.cli.AlreadySelectedException,org.pitest.mutationtest.engine.gregor.mutators.ReturnValsMutator,getOptionGroup,70,NO_COVERAGE,none
UnrecognizedOptionException.java,org.apache.commons.cli.UnrecognizedOptionException,org.pitest.mutationtest.engine.gregor.mutators.ReturnValsMutator,getOption,65,NO_COVERAGE,none
BasicParser.java,org.apache.commons.cli.BasicParser,org.pitest.mutationtest.engine.gregor.mutators.ReturnValsMutator,flatten,45,NO_COVERAGE,none
MissingArgumentException.java,org.apache.commons.cli.MissingArgumentException,org.pitest.mutationtest.engine.gregor.mutators.ReturnValsMutator,getOption,65,NO_COVERAGE,none
HelpFormatter.java,org.apache.commons.cli.HelpFormatter$OptionComparator,org.pitest.mutationtest.engine.gregor.mutators.ReturnValsMutator,compare,981,NO_COVERAGE,none
