GROUP,PACKAGE,CLASS,INSTRUCTION_MISSED,INSTRUCTION_COVERED,BRANCH_MISSED,BRANCH_COVERED,LINE_MISSED,LINE_COVERED,COMPLEXITY_MISSED,COMPLEXITY_COVERED,METHOD_MISSED,METHOD_COVERED
DataNucleus JDO API plugin,org.datanucleus.api.jdo.query,NumericExpressionImpl,585,0,0,0,118,0,32,0,32,0
DataNucleus JDO API plugin,org.datanucleus.api.jdo.query,EnumExpressionImpl,28,0,0,0,8,0,4,0,4,0
DataNucleus JDO API plugin,org.datanucleus.api.jdo.query,CollectionExpressionImpl,84,0,0,0,16,0,6,0,6,0
DataNucleus JDO API plugin,org.datanucleus.api.jdo.query,StringExpressionImpl,601,0,0,0,104,0,28,0,28,0
DataNucleus JDO API plugin,org.datanucleus.api.jdo.query,LocalDateTimeExpressionImpl,93,0,0,0,18,0,9,0,9,0
DataNucleus JDO API plugin,org.datanucleus.api.jdo.query,ListExpressionImpl,59,0,0,0,12,0,4,0,4,0
DataNucleus JDO API plugin,org.datanucleus.api.jdo.query,LocalTimeExpressionImpl,54,0,0,0,12,0,6,0,6,0
DataNucleus JDO API plugin,org.datanucleus.api.jdo.query,OptionalExpressionImpl,35,0,0,0,8,0,4,0,4,0
DataNucleus JDO API plugin,org.datanucleus.api.jdo.query,ExpressionImpl,268,0,20,0,56,0,24,0,14,0
DataNucleus JDO API plugin,org.datanucleus.api.jdo.query,MapExpressionImpl,178,0,0,0,32,0,10,0,10,0
DataNucleus JDO API plugin,org.datanucleus.api.jdo.query,OrderExpressionImpl,15,0,0,0,6,0,3,0,3,0
DataNucleus JDO API plugin,org.datanucleus.api.jdo.query,ComparableExpressionImpl,225,0,0,0,48,0,15,0,15,0
DataNucleus JDO API plugin,org.datanucleus.api.jdo.query,TimeExpressionImpl,54,0,0,0,12,0,6,0,6,0
DataNucleus JDO API plugin,org.datanucleus.api.jdo.query,JDOQLTypedSubqueryImpl,364,0,10,0,53,0,19,0,14,0
DataNucleus JDO API plugin,org.datanucleus.api.jdo.query,DateTimeExpressionImpl,93,0,0,0,18,0,9,0,9,0
DataNucleus JDO API plugin,org.datanucleus.api.jdo.query,PersistableExpressionImpl,53,0,0,0,12,0,4,0,4,0
DataNucleus JDO API plugin,org.datanucleus.api.jdo.query,ByteExpressionImpl,15,0,0,0,6,0,3,0,3,0
DataNucleus JDO API plugin,org.datanucleus.api.jdo.query,DateExpressionImpl,54,0,0,0,12,0,6,0,6,0
DataNucleus JDO API plugin,org.datanucleus.api.jdo.query,AbstractJDOQLTypedQuery,1090,0,172,0,242,0,92,0,6,0
DataNucleus JDO API plugin,org.datanucleus.api.jdo.query,ExpressionType,34,0,0,0,4,0,1,0,1,0
DataNucleus JDO API plugin,org.datanucleus.api.jdo.query,JDOQLTypedQueryImpl,2659,0,322,0,607,0,229,0,68,0
DataNucleus JDO API plugin,org.datanucleus.api.jdo.query,BooleanExpressionImpl,79,0,0,0,19,0,7,0,7,0
DataNucleus JDO API plugin,org.datanucleus.api.jdo.query,CharacterExpressionImpl,65,0,0,0,14,0,7,0,7,0
DataNucleus JDO API plugin,org.datanucleus.api.jdo.query,ObjectExpressionImpl,15,0,0,0,6,0,3,0,3,0
DataNucleus JDO API plugin,org.datanucleus.api.jdo.query,LocalDateExpressionImpl,54,0,0,0,12,0,6,0,6,0
DataNucleus JDO API plugin,org.datanucleus.api.jdo,JDOTransaction,488,0,46,0,130,0,60,0,37,0
DataNucleus JDO API plugin,org.datanucleus.api.jdo,NucleusJDOHelper,1095,0,176,0,237,0,104,0,16,0
DataNucleus JDO API plugin,org.datanucleus.api.jdo,FieldInstanceLifecycleEvent,12,0,0,0,4,0,2,0,2,0
DataNucleus JDO API plugin,org.datanucleus.api.jdo,JDOPersistenceManagerFactory,3316,0,378,0,762,0,309,0,120,0
DataNucleus JDO API plugin,org.datanucleus.api.jdo,JDOStateInterrogation,96,0,10,0,23,0,17,0,12,0
DataNucleus JDO API plugin,org.datanucleus.api.jdo,JDOTypeConverter,29,0,0,0,7,0,5,0,5,0
DataNucleus JDO API plugin,org.datanucleus.api.jdo,JDOQueryCache,58,0,0,0,18,0,9,0,9,0
DataNucleus JDO API plugin,org.datanucleus.api.jdo,JDOPersistenceManagerFactory.new InheritableThreadLocal() {...},8,0,0,0,2,0,2,0,2,0
DataNucleus JDO API plugin,org.datanucleus.api.jdo,JDOSequence,47,0,0,0,18,0,7,0,7,0
DataNucleus JDO API plugin,org.datanucleus.api.jdo,JDOCallbackHandler,759,0,118,0,151,0,81,0,22,0
DataNucleus JDO API plugin,org.datanucleus.api.jdo,JDOFetchGroup,167,0,6,0,56,0,24,0,21,0
DataNucleus JDO API plugin,org.datanucleus.api.jdo,JDODataStoreCache,79,0,0,0,31,0,15,0,15,0
DataNucleus JDO API plugin,org.datanucleus.api.jdo,JDOPropertyNames,3,0,0,0,1,0,1,0,1,0
DataNucleus JDO API plugin,org.datanucleus.api.jdo,JDOExtent,84,0,4,0,28,0,12,0,10,0
DataNucleus JDO API plugin,org.datanucleus.api.jdo,JDOAdapter,741,217,84,0,112,54,61,4,19,4
DataNucleus JDO API plugin,org.datanucleus.api.jdo,LifecycleListenerForClass,145,0,20,0,32,0,16,0,6,0
DataNucleus JDO API plugin,org.datanucleus.api.jdo,JDOConnectionImpl,44,0,0,0,14,0,5,0,5,0
DataNucleus JDO API plugin,org.datanucleus.api.jdo,JDOTypeConverterUtils,102,0,16,0,26,0,12,0,4,0
DataNucleus JDO API plugin,org.datanucleus.api.jdo,JDOFetchPlan,127,0,0,0,42,0,19,0,19,0
DataNucleus JDO API plugin,org.datanucleus.api.jdo,JDOConnectionJDBCImpl,353,0,6,0,110,0,59,0,56,0
DataNucleus JDO API plugin,org.datanucleus.api.jdo,JDOEnhancer,136,0,0,0,41,0,18,0,18,0
DataNucleus JDO API plugin,org.datanucleus.api.jdo,JDOReplicationManager,572,0,64,0,136,0,41,0,9,0
DataNucleus JDO API plugin,org.datanucleus.api.jdo,JDOQuery,1195,0,50,0,396,0,110,0,85,0
DataNucleus JDO API plugin,org.datanucleus.api.jdo,JDOClassNameConstants,10,0,0,0,3,0,2,0,2,0
DataNucleus JDO API plugin,org.datanucleus.api.jdo,JDOPersistenceManager,2499,0,240,0,687,0,241,0,121,0
DataNucleus JDO API plugin,org.datanucleus.api.jdo,JDOPersistenceManagerProxy,531,0,0,0,153,0,105,0,105,0
DataNucleus JDO API plugin,org.datanucleus.api.jdo.state,TransientDirty,52,0,4,0,17,0,8,0,6,0
DataNucleus JDO API plugin,org.datanucleus.api.jdo.state,PersistentNontransactionalDirty,103,0,8,0,33,0,14,0,10,0
DataNucleus JDO API plugin,org.datanucleus.api.jdo.state,PersistentClean,147,0,12,0,48,0,19,0,13,0
DataNucleus JDO API plugin,org.datanucleus.api.jdo.state,DetachedClean,28,0,0,0,10,0,3,0,3,0
DataNucleus JDO API plugin,org.datanucleus.api.jdo.state,PersistentNontransactional,257,0,44,0,74,0,37,0,15,0
DataNucleus JDO API plugin,org.datanucleus.api.jdo.state,DetachedDirty,28,0,0,0,10,0,3,0,3,0
DataNucleus JDO API plugin,org.datanucleus.api.jdo.state,PersistentDirty,120,0,10,0,34,0,14,0,9,0
DataNucleus JDO API plugin,org.datanucleus.api.jdo.state,PersistentDeleted,87,0,6,0,23,0,11,0,8,0
DataNucleus JDO API plugin,org.datanucleus.api.jdo.state,PersistentNew,85,0,6,0,24,0,11,0,8,0
DataNucleus JDO API plugin,org.datanucleus.api.jdo.state,TransientClean,63,0,2,0,22,0,10,0,9,0
DataNucleus JDO API plugin,org.datanucleus.api.jdo.state,PersistentNewDeleted,75,0,4,0,19,0,10,0,8,0
DataNucleus JDO API plugin,org.datanucleus.api.jdo.state,LifeCycleStateFactory,87,0,0,0,17,0,3,0,3,0
DataNucleus JDO API plugin,org.datanucleus.api.jdo.state,Hollow,235,0,42,0,57,0,35,0,14,0
DataNucleus JDO API plugin,org.datanucleus.api.jdo.annotations,UpdateUserHandler,15,0,0,0,5,0,3,0,3,0
DataNucleus JDO API plugin,org.datanucleus.api.jdo.annotations,CreateTimestampHandler,15,0,0,0,5,0,3,0,3,0
DataNucleus JDO API plugin,org.datanucleus.api.jdo.annotations,CreateUserHandler,15,0,0,0,5,0,3,0,3,0
DataNucleus JDO API plugin,org.datanucleus.api.jdo.annotations,ComparatorClassHandler,16,0,0,0,4,0,2,0,2,0
DataNucleus JDO API plugin,org.datanucleus.api.jdo.annotations,UpdateTimestampHandler,15,0,0,0,5,0,3,0,3,0
DataNucleus JDO API plugin,org.datanucleus.api.jdo.annotations,SharedRelationHandler,40,0,2,0,10,0,3,0,2,0
DataNucleus JDO API plugin,org.datanucleus.api.jdo.annotations,SoftDeleteHandler,27,0,4,0,7,0,4,0,2,0
DataNucleus JDO API plugin,org.datanucleus.api.jdo.annotations,MultiTenantHandler,59,0,12,0,12,0,8,0,2,0
DataNucleus JDO API plugin,org.datanucleus.api.jdo.annotations,ReadOnlyHandler,20,0,0,0,6,0,3,0,3,0
DataNucleus JDO API plugin,org.datanucleus.api.jdo.metadata,DiscriminatorMetadataImpl,201,0,28,0,61,0,29,0,15,0
DataNucleus JDO API plugin,org.datanucleus.api.jdo.metadata,PropertyMetadataImpl,23,0,0,0,8,0,5,0,5,0
DataNucleus JDO API plugin,org.datanucleus.api.jdo.metadata,PrimaryKeyMetadataImpl,91,0,6,0,23,0,12,0,9,0
DataNucleus JDO API plugin,org.datanucleus.api.jdo.metadata,FetchGroupMetadataImpl,111,0,6,0,30,0,12,0,9,0
DataNucleus JDO API plugin,org.datanucleus.api.jdo.metadata,JDOMetadataImpl,283,0,10,0,70,0,24,0,19,0
DataNucleus JDO API plugin,org.datanucleus.api.jdo.metadata,JDOMetaDataHelper,4860,0,448,0,620,0,254,0,30,0
DataNucleus JDO API plugin,org.datanucleus.api.jdo.metadata,KeyMetadataImpl,487,0,64,0,135,0,57,0,25,0
DataNucleus JDO API plugin,org.datanucleus.api.jdo.metadata,InheritanceMetadataImpl,148,0,24,0,44,0,22,0,10,0
DataNucleus JDO API plugin,org.datanucleus.api.jdo.metadata,JDOMetaDataManager.MetaDataRegisterClassListener,39,6,0,0,6,1,1,1,1,1
DataNucleus JDO API plugin,org.datanucleus.api.jdo.metadata,VersionMetadataImpl,216,0,34,0,62,0,30,0,13,0
DataNucleus JDO API plugin,org.datanucleus.api.jdo.metadata,JDOAnnotationReader.PersistenceCapableModel,6,0,0,0,1,0,1,0,1,0
DataNucleus JDO API plugin,org.datanucleus.api.jdo.metadata,CollectionMetadataImpl,55,0,0,0,15,0,10,0,10,0
DataNucleus JDO API plugin,org.datanucleus.api.jdo.metadata,ClassMetadataImpl,98,0,12,0,27,0,13,0,7,0
DataNucleus JDO API plugin,org.datanucleus.api.jdo.metadata,ExtensionMetadataImpl,21,0,0,0,8,0,4,0,4,0
DataNucleus JDO API plugin,org.datanucleus.api.jdo.metadata,ForeignKeyMetadataImpl,350,0,52,0,94,0,47,0,21,0
DataNucleus JDO API plugin,org.datanucleus.api.jdo.metadata,ValueMetadataImpl,476,0,62,0,133,0,55,0,24,0
DataNucleus JDO API plugin,org.datanucleus.api.jdo.metadata,MemberMetadataImpl,1044,0,130,0,303,0,140,0,75,0
DataNucleus JDO API plugin,org.datanucleus.api.jdo.metadata,EmbeddedMetadataImpl,162,0,10,0,41,0,19,0,14,0
DataNucleus JDO API plugin,org.datanucleus.api.jdo.metadata,UniqueMetadataImpl,187,0,8,0,46,0,19,0,15,0
DataNucleus JDO API plugin,org.datanucleus.api.jdo.metadata,JDOMetaDataManager,1275,561,202,46,248,95,130,20,15,11
DataNucleus JDO API plugin,org.datanucleus.api.jdo.metadata,JoinMetadataImpl,367,0,48,0,110,0,49,0,25,0
DataNucleus JDO API plugin,org.datanucleus.api.jdo.metadata,ElementMetadataImpl,487,0,64,0,135,0,57,0,25,0
DataNucleus JDO API plugin,org.datanucleus.api.jdo.metadata,ArrayMetadataImpl,55,0,0,0,15,0,10,0,10,0
DataNucleus JDO API plugin,org.datanucleus.api.jdo.metadata,JDOAnnotationUtils,806,0,138,0,211,0,87,0,18,0
DataNucleus JDO API plugin,org.datanucleus.api.jdo.metadata,IndexMetadataImpl,186,0,8,0,46,0,19,0,15,0
DataNucleus JDO API plugin,org.datanucleus.api.jdo.metadata,FetchPlanMetadataImpl,89,0,4,0,23,0,12,0,10,0
DataNucleus JDO API plugin,org.datanucleus.api.jdo.metadata,JDOMetaDataHandler,3254,237,368,42,763,38,206,6,4,3
DataNucleus JDO API plugin,org.datanucleus.api.jdo.metadata,DatastoreIdentityMetadataImpl,215,0,44,0,56,0,35,0,13,0
DataNucleus JDO API plugin,org.datanucleus.api.jdo.metadata,SequenceMetadataImpl,79,0,6,0,24,0,15,0,12,0
DataNucleus JDO API plugin,org.datanucleus.api.jdo.metadata,AbstractMetadataImpl,119,0,12,0,27,0,12,0,6,0
DataNucleus JDO API plugin,org.datanucleus.api.jdo.metadata,OrderMetadataImpl,123,0,8,0,33,0,15,0,11,0
DataNucleus JDO API plugin,org.datanucleus.api.jdo.metadata,ColumnMetadataImpl,132,0,0,0,36,0,24,0,24,0
DataNucleus JDO API plugin,org.datanucleus.api.jdo.metadata,FieldMetadataImpl,8,0,0,0,4,0,2,0,2,0
DataNucleus JDO API plugin,org.datanucleus.api.jdo.metadata,InterfaceMetadataImpl,19,0,2,0,5,0,3,0,2,0
DataNucleus JDO API plugin,org.datanucleus.api.jdo.metadata,MapMetadataImpl,102,0,0,0,27,0,18,0,18,0
DataNucleus JDO API plugin,org.datanucleus.api.jdo.metadata,JDOAnnotationReader,5954,0,880,0,1234,0,453,0,13,0
DataNucleus JDO API plugin,org.datanucleus.api.jdo.metadata,TypeMetadataImpl,861,0,64,0,218,0,88,0,56,0
DataNucleus JDO API plugin,org.datanucleus.api.jdo.metadata,QueryMetadataImpl,105,0,8,0,29,0,19,0,15,0
DataNucleus JDO API plugin,org.datanucleus.api.jdo.metadata,PackageMetadataImpl,291,0,20,0,65,0,29,0,19,0
DataNucleus JDO API plugin,org.datanucleus.api.jdo.exceptions,TransactionCommitingException,6,0,0,0,2,0,1,0,1,0
DataNucleus JDO API plugin,org.datanucleus.api.jdo.exceptions,TransactionActiveException,6,0,0,0,2,0,1,0,1,0
DataNucleus JDO API plugin,org.datanucleus.api.jdo.exceptions,NoPersistenceInformationException,5,0,0,0,2,0,1,0,1,0
DataNucleus JDO API plugin,org.datanucleus.api.jdo.exceptions,TransactionNotWritableException,11,0,0,0,4,0,2,0,2,0
DataNucleus JDO API plugin,org.datanucleus.api.jdo.exceptions,ClassNotPersistenceCapableException,9,0,0,0,4,0,2,0,2,0
DataNucleus JDO API plugin,org.datanucleus.api.jdo.exceptions,ConnectionInUseException,5,0,0,0,2,0,1,0,1,0
DataNucleus JDO API plugin,org.datanucleus.api.jdo.exceptions,TransactionNotReadableException,11,0,0,0,4,0,2,0,2,0
DataNucleus JDO API plugin,org.datanucleus.api.jdo.exceptions,TransactionNotActiveException,10,0,0,0,4,0,2,0,2,0
DataNucleus JDO API plugin,org.datanucleus.api.jdo.query.inmemory,JDOHelperGetObjectIdFunction,50,0,4,0,11,0,4,0,2,0
DataNucleus JDO API plugin,org.datanucleus.api.jdo.query.inmemory,JDOHelperGetVersionFunction,50,0,4,0,11,0,4,0,2,0
