CLASS,BRANCH_MISSED,BRANCH_COVERED,LINE_MISSED,LINE_COVERED,COMPLEXITY_MISSED,COMPLEXITY_COVERED
ConfigurationDynaClass,4,26,5,42,6,15
DefaultBeanFactory,3,27,0,66,3,28
BeanHelper.BeanCreationContextImpl,0,0,1,11,1,5
XMLBeanDeclaration.NodeData,0,2,0,17,0,10
XMLBeanDeclaration,8,28,13,74,7,36
ConstructorArg,1,13,0,27,1,17
CombinedBeanDeclaration,0,26,0,41,0,20
BeanHelper,11,39,24,106,7,42
ConfigurationDynaBean,10,36,7,62,9,26
DynamicCombinedConfiguration,25,27,89,126,68,43
ConfigurationLookup,0,2,0,7,0,4
PropertiesConfiguration.PropertiesWriter.new ValueTransformer() {...},0,0,0,3,0,2
ImmutableConfigurationInvocationHandler,0,4,0,11,0,5
ConfigurationMap.ConfigurationSet.ConfigurationSetIterator,0,0,0,7,0,4
PropertiesConfigurationLayout.PropertyLayoutData,1,9,3,26,1,15
StrictConfigurationComparator,0,16,0,19,0,10
DatabaseConfiguration.JdbcOperation,1,11,1,32,1,11
XMLConfiguration.XMLBuilderVisitor,6,48,4,98,6,33
PropertiesConfiguration.JupIOFactory,0,0,0,7,0,4
PropertiesConfiguration.JupPropertiesWriter,0,0,0,10,0,2
XMLPropertiesConfiguration.XMLPropertiesHandler,0,8,0,18,0,8
INIConfiguration,6,126,5,204,7,85
AbstractYAMLBasedConfiguration,2,18,3,48,2,17
DatabaseConfiguration.new DatabaseConfiguration.JdbcOperation() {...},7,3,0,5,5,2
DatabaseConfiguration.new DatabaseConfiguration.JdbcOperation() {...},6,2,0,5,4,2
DatabaseConfiguration.new DatabaseConfiguration.JdbcOperation() {...},6,2,0,6,4,2
DatabaseConfiguration.new DatabaseConfiguration.JdbcOperation() {...},0,0,0,4,0,2
DatabaseConfiguration.new DatabaseConfiguration.JdbcOperation() {...},6,10,0,16,4,6
DatabaseConfiguration.new DatabaseConfiguration.JdbcOperation() {...},6,8,0,18,4,5
BaseHierarchicalConfiguration.BuilderVisitor,1,19,0,34,1,13
SubsetConfiguration.SubsetIterator,0,0,0,7,0,4
ConfigurationUtils,1,33,13,95,5,37
DatabaseConfiguration.new DatabaseConfiguration.JdbcOperation() {...},6,4,0,7,4,3
ConfigurationConverter,0,6,2,24,1,8
AbstractHierarchicalConfiguration.DefinedKeysVisitor,0,6,0,22,0,9
EnvironmentConfiguration,0,0,0,5,0,4
DataConfiguration.DataConversionHandler,1,5,0,8,1,4
PropertiesConfiguration.DefaultIOFactory,0,0,0,3,0,3
HierarchicalConfigurationXMLReader.SAXVisitor,3,7,0,20,3,8
XMLDocumentHelper,0,4,0,58,0,20
XMLListReference,1,19,0,38,1,17
ConfigurationUtils.new EventSource() {...},0,0,0,3,0,3
ConfigurationUtils.new EventListener() {...},0,0,0,3,0,2
HierarchicalConfigurationXMLReader,0,0,0,13,0,6
PropertiesConfiguration.PropertiesWriter,1,21,2,59,2,26
PropertiesConfigurationLayout,4,80,4,173,4,75
XMLPropertiesConfiguration,14,20,15,81,14,17
BaseConfigurationXMLReader.SAXConverter,0,2,0,7,0,4
SubsetConfiguration,4,20,3,48,4,28
DynamicCombinedConfiguration.new ConfigurationInterpolator() {...},0,0,0,3,0,2
AbstractHierarchicalConfiguration,1,51,5,140,1,61
PatternSubtreeConfigurationWrapper,11,5,73,17,65,6
ConfigurationMap,0,0,0,10,0,5
AbstractConfiguration,17,111,16,354,15,155
DynamicCombinedConfiguration.ConfigData,0,0,0,8,0,4
BaseConfiguration,0,8,2,35,0,15
CombinedConfiguration,3,67,10,205,3,68
PropertiesConfiguration.JupPropertiesWriter.new ValueTransformer() {...},0,4,0,10,0,4
XMLPropertiesConfiguration.new EntityResolver() {...},0,0,0,2,0,2
DynamicCombinedConfiguration.CurrentConfigHolder,0,2,0,10,0,7
DataConfiguration,2,10,3,133,4,100
PropertiesConfiguration,9,59,9,137,9,53
PropertiesConfiguration.PropertiesReader,1,13,0,56,1,22
JSONConfiguration,0,0,8,14,1,4
SubnodeConfiguration,0,6,0,26,0,14
YAMLConfiguration,0,0,23,16,3,5
BaseHierarchicalConfiguration.new BaseHierarchicalConfiguration() {...},0,0,1,2,1,2
BaseHierarchicalConfiguration.new EventListener() {...},0,0,0,3,0,2
PrefixedKeysIterator,3,13,2,19,3,10
ConfigurationMap.ConfigurationSet.Entry,0,0,3,5,1,3
SystemConfiguration,1,5,2,21,2,7
INIConfiguration.GlobalSectionNodeModel.new NodeHandlerDecorator() {...},1,7,0,25,1,11
DatabaseConfiguration,0,18,12,63,6,30
BaseConfigurationXMLReader,0,0,0,13,0,6
MapConfiguration,0,10,3,38,1,19
HierarchicalConfigurationConverter,2,16,1,45,2,13
BaseHierarchicalConfiguration,1,31,2,142,1,48
ConfigurationXMLReader,1,13,14,41,10,20
XMLConfiguration,1,103,9,241,1,88
CompositeConfiguration,6,72,10,161,6,60
ConfigurationMap.ConfigurationSet,0,2,0,9,0,4
AbstractHierarchicalConfiguration.DefinedVisitor,0,4,0,7,0,6
XMLConfiguration.new DefaultHandler() {...},0,0,0,2,0,2
PropertiesConfiguration.JupPropertiesReader,2,14,1,29,2,10
CombinedConfiguration.ConfigData,0,8,0,44,0,14
JNDIConfiguration,11,35,7,106,12,30
ImmutableConfigurationInvocationHandler.ImmutableIterator,0,0,0,6,0,4
INIConfiguration.GlobalSectionNodeModel,0,0,0,3,0,2
BaseHierarchicalConfiguration.InterpolatedVisitor,4,10,7,44,3,17
AbstractConfiguration.new EventListener() {...},0,0,2,1,1,1
FindNodeVisitor,0,2,0,10,0,6
AbstractConfiguration.new Object() {...},0,0,0,1,0,1
EventListenerRegistrationData,1,11,4,16,2,9
EventListenerList.new Iterable() {...},0,0,0,2,0,2
BaseEventSource,0,20,1,58,0,27
ConfigurationErrorEvent,0,0,0,13,0,6
EventType,0,6,0,20,0,9
EventListenerList,1,21,0,45,1,23
ConfigurationEvent,0,0,0,17,0,5
Event,0,2,0,16,0,6
EventListenerList.EventListenerIterator,0,14,0,33,0,16
DefaultConversionHandler.new ConfigurationInterpolator() {...},0,0,0,2,0,2
DefaultConversionHandler,0,46,0,67,0,41
ListDelimiterHandler.new ValueTransformer() {...},0,0,0,2,0,2
DisabledListDelimiterHandler,0,0,0,7,0,5
DefaultListDelimiterHandler,0,26,0,44,0,18
PropertyConverter,28,148,28,211,30,86
ListDelimiterHandler,0,0,0,1,0,1
AbstractListDelimiterHandler,1,21,1,27,1,17
LegacyListDelimiterHandler,5,33,2,66,6,22
ConfigurationException,0,0,0,8,0,4
ConversionException,0,0,4,4,2,2
ConfigurationRuntimeException,0,0,0,10,0,5
ConfigurationNodePointerFactory.NodeWrapper,0,0,0,6,0,3
ConfigurationNodePointerFactory,2,2,5,8,2,5
XPathContextFactory,0,0,0,6,0,2
ConfigurationNodeIteratorAttribute,0,12,0,24,0,11
ConfigurationNodeIteratorChildren,0,30,0,50,0,22
XPathExpressionEngine,1,57,8,114,1,45
ConfigurationNodePointer,1,11,2,35,2,22
ConfigurationNodeIteratorBase,2,14,0,24,2,18
ConfigurationAttributePointer,1,3,1,22,2,14
MultiFileConfigurationBuilderProvider.ReloadableWrapperBuilder,0,0,0,4,0,2
CombinedConfigurationBuilder.ConfigurationSourceData,1,19,2,64,1,22
MultiFileConfigurationBuilderProvider.WrapperBuilder,0,0,0,8,0,4
FileExtensionConfigurationBuilderProvider,1,13,1,22,1,12
ConfigurationDeclaration,0,14,2,23,2,15
CombinedConfigurationBuilder,11,71,4,252,11,73
MultiFileBuilderParametersImpl,0,4,0,23,0,12
MultiWrapDynaClass,0,4,1,16,1,8
ReloadingCombinedConfigurationBuilder,0,6,0,32,0,13
ReloadingMultiFileConfigurationBuilder,0,0,0,13,0,6
MultiFileConfigurationBuilder.new EventListener() {...},0,0,0,3,0,2
CombinedConfigurationBuilder.new EventListener() {...},0,0,0,6,0,2
CombinedBuilderParametersImpl,0,20,1,68,1,34
MultiFileConfigurationBuilder,2,30,1,106,2,35
MultiFileConfigurationBuilderProvider,1,3,0,15,1,5
CombinedConfigurationBuilderProvider,0,2,0,19,0,5
MultiWrapDynaBean,0,10,0,33,0,17
ReloadingMultiFileConfigurationBuilder.new CombinedReloadingController() {...},0,2,0,10,0,3
CombinedConfigurationBuilder.ConfigurationSourceData.new EventListener() {...},0,0,0,3,0,2
BaseConfigurationBuilderProvider,0,18,2,61,0,26
Parameters,0,2,0,27,0,17
Configurations,0,2,0,42,0,39
Parameters.ParametersIfcInvocationHandler,0,6,0,8,0,6
FileBasedConfigurationBuilder,1,39,0,84,1,38
BuilderConfigurationWrapperFactory.EventSourceSupport,0,0,0,4,2,2
AutoSaveListener,0,12,0,22,0,13
HierarchicalBuilderParametersImpl,0,0,0,6,0,3
PropertiesBuilderParametersImpl,0,0,0,10,0,5
DefaultParametersManager.DefaultHandlerData,1,11,0,12,1,8
CopyObjectDefaultHandler,0,2,0,13,0,4
ConfigurationBuilderEvent,0,0,0,6,0,3
FileBasedBuilderParametersImpl,0,18,0,65,0,30
DefaultReloadingDetectorFactory,0,2,0,6,0,3
ReloadingFileBasedConfigurationBuilder.new ReloadingDetector() {...},0,6,0,7,0,6
ConfigurationBuilderResultCreatedEvent,0,2,0,7,0,4
ReloadingBuilderSupportListener,0,2,0,14,0,4
JndiBuilderParametersImpl,0,0,0,5,0,3
BasicBuilderParameters,0,46,2,109,0,52
BasicConfigurationBuilder.new BeanDeclaration() {...},0,0,1,6,1,6
ReloadingFileBasedConfigurationBuilder,0,2,0,27,0,12
BasicConfigurationBuilder,1,39,1,135,1,55
INIBuilderParametersImpl,0,0,3,3,1,2
XMLBuilderParametersImpl,0,0,0,17,0,9
BuilderConfigurationWrapperFactory.BuilderConfigurationWrapperInvocationHandler,0,4,0,11,0,6
BuilderConfigurationWrapperFactory,0,6,0,21,0,9
DatabaseBuilderParametersImpl,0,0,0,15,0,8
DefaultParametersManager,0,12,0,25,0,12
EventListenerParameters,0,0,0,9,0,5
FileHandler.new FileHandler.Updater() {...},0,0,0,3,0,2
AbsoluteNameLocationStrategy,0,6,0,6,0,5
FileHandler.new FileHandler.Updater() {...},0,0,0,3,0,2
FileHandler.new FileHandler.Updater() {...},0,0,0,4,0,2
FileHandler.new FileHandler.Updater() {...},0,0,0,4,0,2
FileHandler.new SynchronizerSupport() {...},0,0,2,3,2,3
FileHandler.new FileHandler.Updater() {...},0,0,0,3,0,2
FileHandlerListenerAdapter,0,0,0,6,0,6
FileHandler.new FileHandler.Updater() {...},0,0,0,3,0,2
FileHandler.new FileHandler.Updater() {...},0,0,0,3,0,2
FileHandler.new FileHandler.Updater() {...},0,0,0,4,0,2
FileLocatorUtils,5,69,4,112,6,56
FileSystemLocationStrategy,0,0,0,3,0,2
BasePathLocationStrategy,0,4,0,8,0,4
DefaultFileSystem,10,30,20,55,11,19
CombinedLocationStrategy,0,8,0,15,0,7
VerifiableOutputStream,0,0,0,1,0,1
FileSystem,0,2,2,7,1,6
DefaultFileSystem.HttpOutputStream,0,2,5,14,3,6
FileHandler.Updater,1,1,0,9,1,2
VFSFileSystem,59,13,108,29,40,6
FileLocator.FileLocatorBuilder,0,2,0,24,0,10
HomeDirectoryLocationStrategy,0,10,0,24,0,13
FileLocator,0,6,0,37,0,14
ConfigurationLogger,0,4,0,31,0,18
VFSFileSystem.VFSURLStreamHandler,0,0,4,0,2,0
FileUtils,8,14,3,24,7,8
FileHandler,4,74,13,292,4,112
ProvidedURLLocationStrategy,0,0,0,2,0,2
ClasspathLocationStrategy,0,2,0,3,0,3
NoOpSynchronizer,0,0,0,6,2,6
LockMode,0,0,0,3,1,3
ReadWriteSynchronizer,0,2,0,14,0,8
TokenMgrError,18,0,37,0,19,0
XMLPropertyListConfiguration,14,46,29,100,11,30
PropertyListConfiguration.DateSeparatorParser,0,2,0,9,0,4
XMLPropertyListConfiguration.ArrayNodeBuilder,0,0,0,5,0,3
XMLPropertyListConfiguration.new EntityResolver() {...},0,0,0,3,0,2
Token,0,0,5,7,4,3
ParseException,22,10,34,32,20,5
XMLPropertyListConfiguration.XMLPropertyListHandler,4,38,1,65,4,27
PropertyListConfiguration.DateTimeZoneParser,0,2,0,17,0,4
PropertyListParserTokenManager,153,145,153,257,114,83
PropertyListParser.JJCalls,0,0,0,1,0,1
PropertyListConfiguration.DateComponentParser,0,4,0,7,0,5
PropertyListConfiguration.DateFieldParser,0,0,0,14,0,4
XMLPropertyListConfiguration.PListNodeBuilder,3,5,10,43,2,16
SimpleCharStream,40,20,124,70,47,20
PropertyListParser.LookaheadSuccess,0,0,0,1,0,1
PropertyListParser,92,110,102,212,77,74
PropertyListConfiguration,21,63,24,120,19,38
PropertyListParserConstants,0,0,0,1,0,1
CombinedReloadingController,0,6,0,17,0,9
PeriodicReloadingTrigger,0,12,0,34,0,16
ManagedReloadingDetector,0,0,0,8,0,4
VFSFileHandlerReloadingDetector,0,8,4,27,0,10
CombinedReloadingController.MultiReloadingControllerDetector,0,6,0,13,0,6
PeriodicReloadingTrigger.new Runnable() {...},0,0,0,3,0,2
FileHandlerReloadingDetector,0,20,2,39,0,23
ReloadingController,0,10,0,27,0,12
ReloadingEvent,0,0,0,6,0,4
InterpolatorSpecification.Builder,0,12,0,37,0,16
ExprLookup,3,7,17,33,8,12
ConstantLookup,1,7,0,32,1,9
ExprLookup.Variable,1,3,5,18,2,6
StringLookupAdapter,0,0,0,4,0,2
ConfigurationInterpolator,0,42,0,82,0,47
ConfigurationInterpolator.new StringLookup() {...},0,2,0,3,0,3
ExprLookup.new StringLookup() {...},1,1,0,3,1,2
ExprLookup.Variables,2,0,1,4,2,2
SystemPropertiesLookup,0,0,2,0,2,0
EnvironmentLookup,0,0,2,0,2,0
DefaultLookups,0,0,0,33,1,5
InterpolatorSpecification,0,0,0,14,0,5
DummyLookup,0,0,0,3,2,3
NodeUpdateData,0,4,1,15,1,8
TrackedNodeModel,0,8,0,36,0,20
DefaultConfigurationKey,5,83,1,119,5,67
ModelTransaction,3,41,0,135,3,54
ModelTransaction.AddAttributeOperation,0,0,0,5,0,2
NodeNameMatchers,0,0,0,3,2,2
ImmutableNode,0,26,0,66,0,32
OverrideCombiner,1,19,0,29,1,13
NodeSelector,0,14,0,36,0,15
DefaultExpressionEngine,1,43,0,73,1,35
NodeTracker,2,26,1,79,2,28
ModelTransaction.ChangeNodeValueOperation,0,0,0,4,0,2
DefaultConfigurationKey.KeyIterator,3,53,5,82,3,46
QueryResult,0,8,0,27,0,14
NodeNameMatchers.new NodeNameMatchers() {...},0,0,0,3,0,2
NodeNameMatchers.new NodeNameMatchers() {...},0,0,0,2,0,2
NodeCombiner,0,0,0,10,0,6
NodeTracker.TrackedNodeData,0,8,0,18,0,13
TrackedNodeHandler,0,0,0,7,0,4
ImmutableNode.Builder,0,24,0,61,0,29
InMemoryNodeModel,7,87,0,266,7,97
ModelTransaction.AddAttributesOperation,0,0,0,4,0,2
ReferenceTracker,4,16,2,35,4,12
InMemoryNodeModel.new InMemoryNodeModel.TransactionInitializer() {...},0,8,0,18,0,6
InMemoryNodeModel.new ConfigurationNodeVisitorAdapter() {...},0,2,0,5,0,3
InMemoryNodeModel.new InMemoryNodeModel.TransactionInitializer() {...},0,6,0,20,0,5
InMemoryNodeModel.new InMemoryNodeModel.TransactionInitializer() {...},0,0,0,5,0,2
InMemoryNodeModel.new InMemoryNodeModel.TransactionInitializer() {...},0,6,0,20,0,5
InMemoryNodeModel.new InMemoryNodeModel.TransactionInitializer() {...},0,8,0,16,0,6
InMemoryNodeModel.new InMemoryNodeModel.TransactionInitializer() {...},0,0,0,3,0,2
ModelTransaction.Operations,0,16,0,36,0,15
ModelTransaction.ChangeNodeNameOperation,0,0,0,4,0,2
ConfigurationNodeVisitorAdapter,0,0,1,3,1,3
AbstractImmutableNodeHandler,0,14,0,24,0,22
NodeCombiner.new AbstractImmutableNodeHandler() {...},0,0,2,1,2,1
NodeAddData,0,2,0,13,0,7
ModelTransaction.Operation,0,0,0,1,0,1
ModelTransaction.RemoveAttributeOperation,0,0,0,4,0,2
TreeData,0,10,1,35,1,17
MergeCombiner,1,27,0,47,1,18
DefaultExpressionEngineSymbols,0,4,0,45,0,14
ModelTransaction.new ConfigurationNodeVisitorAdapter() {...},0,0,0,5,0,2
NodeHandlerDecorator,0,0,0,16,0,16
TreeUtils,1,11,2,22,2,7
UnionCombiner,0,16,0,25,0,11
NodeTreeWalker,0,22,0,33,0,18
DefaultExpressionEngineSymbols.Builder,0,0,0,23,0,9
ModelTransaction.ChildrenUpdateOperation,0,10,0,33,0,14
DefaultEntityResolver,3,3,12,8,3,4
CatalogResolver,6,8,7,43,5,14
CatalogResolver.CatalogManager,5,3,3,22,4,9
CatalogResolver.Catalog,8,12,17,43,7,7
ServletConfiguration,0,0,0,8,0,4
BaseWebConfiguration,0,8,0,10,0,10
AppletConfiguration,4,0,9,0,5,0
ServletContextConfiguration,0,0,0,9,0,4
ServletFilterConfiguration,0,0,0,6,0,3
ServletRequestConfiguration,2,8,1,16,2,6
ConfigurationPropertiesFactoryBean,1,19,5,30,5,19
ConfigurationPropertySource,2,0,7,3,3,2
